Loan_ID,,Customer ID,,ApplicantIncome,,CoapplicantIncome,,Property_Area,,Loan_Status,,,,,,,,,,,
LP001002,"('LP001002',",IP43001,"LP43001',",5849,"5849,",0,"0,",Urban,"urban',",Y,"Y'),",,Insert Data,,,,,,,,
LP001003,"('LP001003',",IP43002,"LP43002',",4583,"4583,",1508,"1508,",Rural,"rural',",N,"N'),",,New Customer Det,,,,,,,,
LP001005,"('LP001005',",IP43003,"LP43003',",3000,"3000,",0,"0,",Urban,"urban',",Y,"Y'),",,Customer _id,Applicant_income,Property_Area,Cibil_Score,Gender,Customer_name,State,Region,Region_Id
LP001006,"('LP001006',",IP43004,"LP43004',",2583,"2583,",2358,"2358,",Urban,"urban',",Y,"Y'),",,IP43615,20000,urban,340,male,Jack.K,Utah,South,13.1
LP001008,"('LP001008',",IP43005,"LP43005',",6000,"6000,",0,"0,",Urban,"urban',",Y,"Y'),",,IP43616,18900,Rural,200,Female,Blake.S,California,West,13.2
LP001011,"('LP001011',",IP43006,"LP43006',",5417,"5417,",4196,"4196,",Urban,"urban',",Y,"Y'),",,IP43617,25000,SemiUrban,450,male,John,Nebraska,Central,13.3
LP001013,"('LP001013',",IP43007,"LP43007',",2333,"2333,",1516,"1516,",Urban,"urban',",Y,"Y'),",,IP43618,1000,Rural,390,Female,Kathy,Pennsylvania,East,13.4
LP001014,"('LP001014',",IP43008,"LP43008',",3036,"3036,",2504,"2504,",Semiurban,"semiurban',",N,"N'),",,IP43619,5000,SemiUrban,280,Male,Blin.D,Utah,West,13.2
LP001018,"('LP001018',",IP43009,"LP43009',",4006,"4006,",1526,"1526,",Urban,"urban',",Y,"Y'),",,IP43620,6500,urban,470,Female,Shelly,California,Central,13.3
LP001020,"('LP001020',",IP43010,"LP43010',",12841,"12841,",10968,"10968,",Semiurban,"semiurban',",N,"N'),",,IP43621,12000,Rural,240,male,Rock,Nebraska,East,13.4
LP001024,"('LP001024',",IP43011,"LP43011',",3200,"3200,",700,"700,",Urban,"urban',",Y,"Y'),",,,,,,,,,,
LP001027,"('LP001027',",IP43012,"LP43012',",2500,"2500,",1840,"1840,",Urban,"urban',",Y,"Y'),",,,,,,,,,,
LP001028,"('LP001028',",IP43013,"LP43013',",3073,"3073,",8106,"8106,",Urban,"urban',",Y,"Y'),",,,,,,,,,,
LP001029,"('LP001029',",IP43014,"LP43014',",1853,"1853,",2840,"2840,",Rural,"rural',",N,"N'),",,,,,,,,,,
LP001030,"('LP001030',",IP43015,"LP43015',",1299,"1299,",1086,"1086,",Urban,"urban',",Y,"Y'),",,Customer Criteria,,Low class People Monthly Interest Calculation,,,New Fields Creation based on Interest,,,
LP001032,"('LP001032',",IP43016,"LP43016',",4950,"4950,",0,"0,",Urban,"urban',",Y,"Y'),",,Applicant Income  > 15000 - A_grade_customer,,Applicant Income <5000,Rural = 3%,,Monthly Interest Amount,Annual Interest Amount,,
LP001034,"('LP001034',",IP43017,"LP43017',",3596,"3596,",0,"0,",Urban,"urban',",Y,"Y'),",,Applicant Income  >  9000- B_grade_customer,,Applicant Income <5000,Semi Rural = 3.5%,,,,,
LP001036,"('LP001036',",IP43018,"LP43018',",3510,"3510,",0,"0,",Urban,"urban',",N,"N'),",,Applicant Income  > 5000 - Middle_class_customer,,Applicant Income <5000,Urban = 5%,,,,,
LP001038,"('LP001038',",IP43019,"LP43019',",4887,"4887,",0,"0,",Rural,"rural',",N,"N'),",,Other wise Low_class Customer,,Applicant Income <5000,Semi Urban = 2.5,,,,,
LP001041,"('LP001041',",IP43020,"LP43020',",2600,"2600,",3500,"3500,",Urban,"urban',",Y,"Y'),",,,,Other_wise = 7%,,,,,,
LP001043,"('LP001043',",IP43021,"LP43021',",7660,"7660,",0,"0,",Urban,"urban',",N,"N'),",,,,,,,,,,
LP001046,"('LP001046',",IP43022,"LP43022',",5955,"5955,",5625,"5625,",Urban,"urban',",Y,"Y'),",,,,,,,,,,
LP001047,"('LP001047',",IP43023,"LP43023',",2600,"2600,",1911,"1911,",Semiurban,"semiurban',",N,"N'),",,Delete Customer Det,,,,,,,,
LP001050,"('LP001050',",IP43024,"LP43024',",3365,"3365,",1917,"1917,",Rural,"rural',",N,"N'),",,Cibil Score<200,,,,,,,,
LP001052,"('LP001052',",IP43025,"LP43025',",3717,"3717,",2925,"2925,",Semiurban,"semiurban',",N,"N'),",,,,,,,,,,
LP001066,"('LP001066',",IP43026,"LP43026',",9560,"9560,",0,"0,",Semiurban,"semiurban',",Y,"Y'),",,,,,,,,,,
LP001068,"('LP001068',",IP43027,"LP43027',",2799,"2799,",2253,"2253,",Semiurban,"semiurban',",Y,"Y'),",,,,,,,,,,
LP001073,"('LP001073',",IP43028,"LP43028',",4226,"4226,",1040,"1040,",Urban,"urban',",Y,"Y'),",,,,,,,,,,
LP001086,"('LP001086',",IP43029,"LP43029',",1442,"1442,",0,"0,",Urban,"urban',",N,"N'),",,,,,,,,,,
LP001087,"('LP001087',",IP43030,"LP43030',",3750,"3750,",2083,"2083,",Semiurban,"semiurban',",Y,"Y'),",,,,,,,,,,
LP001091,"('LP001091',",IP43031,"LP43031',",4166,"4166,",3369,"3369,",Urban,"urban',",N,"N'),",,,,,,,,,,
LP001095,"('LP001095',",IP43032,"LP43032',",3167,"3167,",0,"0,",Urban,"urban',",N,"N'),",,,,,,,,,,
LP001097,"('LP001097',",IP43033,"LP43033',",4692,"4692,",0,"0,",Rural,"rural',",N,"N'),",,,,,,,,,,
LP001098,"('LP001098',",IP43034,"LP43034',",3500,"3500,",1667,"1667,",Semiurban,"semiurban',",Y,"Y'),",,,,,,,,,,
LP001100,"('LP001100',",IP43035,"LP43035',",12500,"12500,",3000,"3000,",Rural,"rural',",N,"N'),",,,,,,,,,,
LP001106,"('LP001106',",IP43036,"LP43036',",2275,"2275,",2067,"2067,",Urban,"urban',",Y,"Y'),",,,,,,,,,,
LP001109,"('LP001109',",IP43037,"LP43037',",1828,"1828,",1330,"1330,",Urban,"urban',",N,"N'),",,,,,,,,,,
LP001112,"('LP001112',",IP43038,"LP43038',",3667,"3667,",1459,"1459,",Semiurban,"semiurban',",Y,"Y'),",,,,,,,,,,
LP001114,"('LP001114',",IP43039,"LP43039',",4166,"4166,",7210,"7210,",Urban,"urban',",Y,"Y'),",,,,,,,,,,
LP001116,"('LP001116',",IP43040,"LP43040',",3748,"3748,",1668,"1668,",Semiurban,"semiurban',",Y,"Y'),",,,,,,,,,,
LP001119,"('LP001119',",IP43041,"LP43041',",3600,"3600,",0,"0,",Urban,"urban',",N,"N'),",,,,,,,,,,
LP001120,"('LP001120',",IP43042,"LP43042',",1800,"1800,",1213,"1213,",Urban,"urban',",Y,"Y'),",,,,,,,,,,
LP001123,"('LP001123',",IP43043,"LP43043',",2400,"2400,",0,"0,",Urban,"urban',",Y,"Y'),",,,,,,,,,,
LP001131,"('LP001131',",IP43044,"LP43044',",3941,"3941,",2336,"2336,",Semiurban,"semiurban',",Y,"Y'),",,,,,,,,,,
LP001136,"('LP001136',",IP43045,"LP43045',",4695,"4695,",0,"0,",Urban,"urban',",Y,"Y'),",,,,,,,,,,
LP001137,"('LP001137',",IP43046,"LP43046',",3410,"3410,",0,"0,",Urban,"urban',",Y,"Y'),",,,,,,,,,,
LP001138,"('LP001138',",IP43047,"LP43047',",5649,"5649,",0,"0,",Urban,"urban',",Y,"Y'),",,,,,,,,,,
LP001144,"('LP001144',",IP43048,"LP43048',",5821,"5821,",0,"0,",Urban,"urban',",Y,"Y'),",,,,,,,,,,
LP001146,"('LP001146',",IP43049,"LP43049',",2645,"2645,",3440,"3440,",Urban,"urban',",N,"N'),",,,,,,,,,,
LP001151,"('LP001151',",IP43050,"LP43050',",4000,"4000,",2275,"2275,",Semiurban,"semiurban',",Y,"Y'),",,,,,,,,,,
LP001155,"('LP001155',",IP43051,"LP43051',",1928,"1928,",1644,"1644,",Semiurban,"semiurban',",Y,"Y'),",,,,,,,,,,
LP001157,"('LP001157',",IP43052,"LP43052',",3086,"3086,",0,"0,",Semiurban,"semiurban',",Y,"Y'),",,,,,,,,,,
LP001164,"('LP001164',",IP43053,"LP43053',",4230,"4230,",0,"0,",Semiurban,"semiurban',",N,"N'),",,,,,,,,,,
LP001179,"('LP001179',",IP43054,"LP43054',",4616,"4616,",0,"0,",Urban,"urban',",N,"N'),",,,,,,,,,,
LP001186,"('LP001186',",IP43055,"LP43055',",11500,"11500,",0,"0,",Urban,"urban',",N,"N'),",,,,,,,,,,
LP001194,"('LP001194',",IP43056,"LP43056',",2708,"2708,",1167,"1167,",Semiurban,"semiurban',",Y,"Y'),",,,,,,,,,,
LP001195,"('LP001195',",IP43057,"LP43057',",2132,"2132,",1591,"1591,",Semiurban,"semiurban',",Y,"Y'),",,,,,,,,,,
LP001197,"('LP001197',",IP43058,"LP43058',",3366,"3366,",2200,"2200,",Rural,"rural',",N,"N'),",,,,,,,,,,
LP001198,"('LP001198',",IP43059,"LP43059',",8080,"8080,",2250,"2250,",Urban,"urban',",Y,"Y'),",,,,,,,,,,
LP001199,"('LP001199',",IP43060,"LP43060',",3357,"3357,",2859,"2859,",Urban,"urban',",Y,"Y'),",,,,,,,,,,
LP001205,"('LP001205',",IP43061,"LP43061',",2500,"2500,",3796,"3796,",Urban,"urban',",Y,"Y'),",,,,,,,,,,
LP001206,"('LP001206',",IP43062,"LP43062',",3029,"3029,",0,"0,",Urban,"urban',",Y,"Y'),",,,,,,,,,,
LP001207,"('LP001207',",IP43063,"LP43063',",2609,"2609,",3449,"3449,",Rural,"rural',",N,"N'),",,,,,,,,,,
LP001213,"('LP001213',",IP43064,"LP43064',",4945,"4945,",0,"0,",Rural,"rural',",N,"N'),",,,,,,,,,,
LP001222,"('LP001222',",IP43065,"LP43065',",4166,"4166,",0,"0,",Semiurban,"semiurban',",N,"N'),",,,,,,,,,,
LP001225,"('LP001225',",IP43066,"LP43066',",5726,"5726,",4595,"4595,",Semiurban,"semiurban',",N,"N'),",,,,,,,,,,
LP001228,"('LP001228',",IP43067,"LP43067',",3200,"3200,",2254,"2254,",Urban,"urban',",N,"N'),",,,,,,,,,,
LP001233,"('LP001233',",IP43068,"LP43068',",10750,"10750,",0,"0,",Urban,"urban',",Y,"Y'),",,,,,,,,,,
LP001238,"('LP001238',",IP43069,"LP43069',",7100,"7100,",0,"0,",Urban,"urban',",Y,"Y'),",,,,,,,,,,
LP001241,"('LP001241',",IP43070,"LP43070',",4300,"4300,",0,"0,",Semiurban,"semiurban',",N,"N'),",,,,,,,,,,
LP001243,"('LP001243',",IP43071,"LP43071',",3208,"3208,",3066,"3066,",Urban,"urban',",Y,"Y'),",,,,,,,,,,
LP001245,"('LP001245',",IP43072,"LP43072',",1875,"1875,",1875,"1875,",Semiurban,"semiurban',",Y,"Y'),",,,,,,,,,,
LP001248,"('LP001248',",IP43073,"LP43073',",3500,"3500,",0,"0,",Semiurban,"semiurban',",Y,"Y'),",,,,,,,,,,
LP001250,"('LP001250',",IP43074,"LP43074',",4755,"4755,",0,"0,",Semiurban,"semiurban',",N,"N'),",,,,,,,,,,
LP001253,"('LP001253',",IP43075,"LP43075',",5266,"5266,",1774,"1774,",Semiurban,"semiurban',",Y,"Y'),",,,,,,,,,,
LP001255,"('LP001255',",IP43076,"LP43076',",3750,"3750,",0,"0,",Urban,"urban',",N,"N'),",,,,,,,,,,
LP001256,"('LP001256',",IP43077,"LP43077',",3750,"3750,",4750,"4750,",Urban,"urban',",N,"N'),",,,,,,,,,,
LP001259,"('LP001259',",IP43078,"LP43078',",1000,"1000,",3022,"3022,",Urban,"urban',",N,"N'),",,,,,,,,,,
LP001263,"('LP001263',",IP43079,"LP43079',",3167,"3167,",4000,"4000,",Semiurban,"semiurban',",N,"N'),",,,,,,,,,,
LP001264,"('LP001264',",IP43080,"LP43080',",3333,"3333,",2166,"2166,",Semiurban,"semiurban',",Y,"Y'),",,,,,,,,,,
LP001265,"('LP001265',",IP43081,"LP43081',",3846,"3846,",0,"0,",Semiurban,"semiurban',",Y,"Y'),",,,,,,,,,,
LP001266,"('LP001266',",IP43082,"LP43082',",2395,"2395,",0,"0,",Semiurban,"semiurban',",Y,"Y'),",,,,,,,,,,
LP001267,"('LP001267',",IP43083,"LP43083',",1378,"1378,",1881,"1881,",Urban,"urban',",N,"N'),",,,,,,,,,,
LP001273,"('LP001273',",IP43084,"LP43084',",6000,"6000,",2250,"2250,",Semiurban,"semiurban',",N,"N'),",,,,,,,,,,
LP001275,"('LP001275',",IP43085,"LP43085',",3988,"3988,",0,"0,",Urban,"urban',",Y,"Y'),",,,,,,,,,,
LP001279,"('LP001279',",IP43086,"LP43086',",2366,"2366,",2531,"2531,",Semiurban,"semiurban',",Y,"Y'),",,,,,,,,,,
LP001280,"('LP001280',",IP43087,"LP43087',",3333,"3333,",2000,"2000,",Semiurban,"semiurban',",Y,"Y'),",,,,,,,,,,
LP001282,"('LP001282',",IP43088,"LP43088',",2500,"2500,",2118,"2118,",Semiurban,"semiurban',",Y,"Y'),",,,,,,,,,,
LP001289,"('LP001289',",IP43089,"LP43089',",8566,"8566,",0,"0,",Urban,"urban',",Y,"Y'),",,,,,,,,,,
LP001310,"('LP001310',",IP43090,"LP43090',",5695,"5695,",4167,"4167,",Semiurban,"semiurban',",Y,"Y'),",,,,,,,,,,
LP001316,"('LP001316',",IP43091,"LP43091',",2958,"2958,",2900,"2900,",Semiurban,"semiurban',",Y,"Y'),",,,,,,,,,,
LP001318,"('LP001318',",IP43092,"LP43092',",6250,"6250,",5654,"5654,",Semiurban,"semiurban',",Y,"Y'),",,,,,,,,,,
LP001319,"('LP001319',",IP43093,"LP43093',",3273,"3273,",1820,"1820,",Urban,"urban',",Y,"Y'),",,,,,,,,,,
LP001322,"('LP001322',",IP43094,"LP43094',",4133,"4133,",0,"0,",Semiurban,"semiurban',",Y,"Y'),",,,,,,,,,,
LP001325,"('LP001325',",IP43095,"LP43095',",3620,"3620,",0,"0,",Semiurban,"semiurban',",Y,"Y'),",,,,,,,,,,
LP001326,"('LP001326',",IP43096,"LP43096',",6782,"6782,",0,"0,",Urban,"urban',",N,"N'),",,,,,,,,,,
LP001327,"('LP001327',",IP43097,"LP43097',",2484,"2484,",2302,"2302,",Semiurban,"semiurban',",Y,"Y'),",,,,,,,,,,
LP001333,"('LP001333',",IP43098,"LP43098',",1977,"1977,",997,"997,",Semiurban,"semiurban',",Y,"Y'),",,,,,,,,,,
LP001334,"('LP001334',",IP43099,"LP43099',",4188,"4188,",0,"0,",Semiurban,"semiurban',",Y,"Y'),",,,,,,,,,,
LP001343,"('LP001343',",IP43100,"LP43100',",1759,"1759,",3541,"3541,",Semiurban,"semiurban',",Y,"Y'),",,,,,,,,,,
LP001345,"('LP001345',",IP43101,"LP43101',",4288,"4288,",3263,"3263,",Urban,"urban',",Y,"Y'),",,,,,,,,,,
LP001349,"('LP001349',",IP43102,"LP43102',",4843,"4843,",3806,"3806,",Semiurban,"semiurban',",Y,"Y'),",,,,,,,,,,
LP001350,"('LP001350',",IP43103,"LP43103',",13650,"13650,",0,"0,",Urban,"urban',",Y,"Y'),",,,,,,,,,,
LP001356,"('LP001356',",IP43104,"LP43104',",4652,"4652,",3583,"3583,",Semiurban,"semiurban',",Y,"Y'),",,,,,,,,,,
LP001357,"('LP001357',",IP43105,"LP43105',",3816,"3816,",754,"754,",Urban,"urban',",Y,"Y'),",,,,,,,,,,
LP001367,"('LP001367',",IP43106,"LP43106',",3052,"3052,",1030,"1030,",Urban,"urban',",Y,"Y'),",,,,,,,,,,
LP001369,"('LP001369',",IP43107,"LP43107',",11417,"11417,",1126,"1126,",Urban,"urban',",Y,"Y'),",,,,,,,,,,
LP001370,"('LP001370',",IP43108,"LP43108',",7333,"7333,",0,"0,",Rural,"rural',",N,"N'),",,,,,,,,,,
LP001379,"('LP001379',",IP43109,"LP43109',",3800,"3800,",3600,"3600,",Urban,"urban',",N,"N'),",,,,,,,,,,
LP001384,"('LP001384',",IP43110,"LP43110',",2071,"2071,",754,"754,",Semiurban,"semiurban',",Y,"Y'),",,,,,,,,,,
LP001385,"('LP001385',",IP43111,"LP43111',",5316,"5316,",0,"0,",Urban,"urban',",Y,"Y'),",,,,,,,,,,
LP001387,"('LP001387',",IP43112,"LP43112',",2929,"2929,",2333,"2333,",Semiurban,"semiurban',",Y,"Y'),",,,,,,,,,,
LP001391,"('LP001391',",IP43113,"LP43113',",3572,"3572,",4114,"4114,",Rural,"rural',",N,"N'),",,,,,,,,,,
LP001392,"('LP001392',",IP43114,"LP43114',",7451,"7451,",0,"0,",Semiurban,"semiurban',",Y,"Y'),",,,,,,,,,,
LP001398,"('LP001398',",IP43115,"LP43115',",5050,"5050,",0,"0,",Semiurban,"semiurban',",Y,"Y'),",,,,,,,,,,
LP001401,"('LP001401',",IP43116,"LP43116',",14583,"14583,",0,"0,",Rural,"rural',",Y,"Y'),",,,,,,,,,,
LP001404,"('LP001404',",IP43117,"LP43117',",3167,"3167,",2283,"2283,",Semiurban,"semiurban',",Y,"Y'),",,,,,,,,,,
LP001405,"('LP001405',",IP43118,"LP43118',",2214,"2214,",1398,"1398,",Urban,"urban',",Y,"Y'),",,,,,,,,,,
LP001421,"('LP001421',",IP43119,"LP43119',",5568,"5568,",2142,"2142,",Rural,"rural',",N,"N'),",,,,,,,,,,
LP001422,"('LP001422',",IP43120,"LP43120',",10408,"10408,",0,"0,",Urban,"urban',",Y,"Y'),",,,,,,,,,,
LP001426,"('LP001426',",IP43121,"LP43121',",5667,"5667,",2667,"2667,",Rural,"rural',",Y,"Y'),",,,,,,,,,,
LP001430,"('LP001430',",IP43122,"LP43122',",4166,"4166,",0,"0,",Semiurban,"semiurban',",Y,"Y'),",,,,,,,,,,
LP001431,"('LP001431',",IP43123,"LP43123',",2137,"2137,",8980,"8980,",Semiurban,"semiurban',",Y,"Y'),",,,,,,,,,,
LP001432,"('LP001432',",IP43124,"LP43124',",2957,"2957,",0,"0,",Semiurban,"semiurban',",Y,"Y'),",,,,,,,,,,
LP001439,"('LP001439',",IP43125,"LP43125',",4300,"4300,",2014,"2014,",Rural,"rural',",Y,"Y'),",,,,,,,,,,
LP001443,"('LP001443',",IP43126,"LP43126',",3692,"3692,",0,"0,",Rural,"rural',",Y,"Y'),",,,,,,,,,,
LP001448,"('LP001448',",IP43127,"LP43127',",23803,"23803,",0,"0,",Rural,"rural',",Y,"Y'),",,,,,,,,,,
LP001449,"('LP001449',",IP43128,"LP43128',",3865,"3865,",1640,"1640,",Rural,"rural',",Y,"Y'),",,,,,,,,,,
LP001451,"('LP001451',",IP43129,"LP43129',",10513,"10513,",3850,"3850,",Urban,"urban',",N,"N'),",,,,,,,,,,
LP001465,"('LP001465',",IP43130,"LP43130',",6080,"6080,",2569,"2569,",Rural,"rural',",N,"N'),",,,,,,,,,,
LP001469,"('LP001469',",IP43131,"LP43131',",20166,"20166,",0,"0,",Urban,"urban',",Y,"Y'),",,,,,,,,,,
LP001473,"('LP001473',",IP43132,"LP43132',",2014,"2014,",1929,"1929,",Urban,"urban',",Y,"Y'),",,,,,,,,,,
LP001478,"('LP001478',",IP43133,"LP43133',",2718,"2718,",0,"0,",Semiurban,"semiurban',",Y,"Y'),",,,,,,,,,,
LP001482,"('LP001482',",IP43134,"LP43134',",3459,"3459,",0,"0,",Semiurban,"semiurban',",Y,"Y'),",,,,,,,,,,
LP001487,"('LP001487',",IP43135,"LP43135',",4895,"4895,",0,"0,",Semiurban,"semiurban',",Y,"Y'),",,,,,,,,,,
LP001488,"('LP001488',",IP43136,"LP43136',",4000,"4000,",7750,"7750,",Semiurban,"semiurban',",N,"N'),",,,,,,,,,,
LP001489,"('LP001489',",IP43137,"LP43137',",4583,"4583,",0,"0,",Rural,"rural',",N,"N'),",,,,,,,,,,
LP001491,"('LP001491',",IP43138,"LP43138',",3316,"3316,",3500,"3500,",Urban,"urban',",Y,"Y'),",,,,,,,,,,
LP001492,"('LP001492',",IP43139,"LP43139',",14999,"14999,",0,"0,",Semiurban,"semiurban',",N,"N'),",,,,,,,,,,
LP001493,"('LP001493',",IP43140,"LP43140',",4200,"4200,",1430,"1430,",Rural,"rural',",N,"N'),",,,,,,,,,,
LP001497,"('LP001497',",IP43141,"LP43141',",5042,"5042,",2083,"2083,",Rural,"rural',",N,"N'),",,,,,,,,,,
LP001498,"('LP001498',",IP43142,"LP43142',",5417,"5417,",0,"0,",Urban,"urban',",Y,"Y'),",,,,,,,,,,
LP001504,"('LP001504',",IP43143,"LP43143',",6950,"6950,",0,"0,",Semiurban,"semiurban',",Y,"Y'),",,,,,,,,,,
LP001507,"('LP001507',",IP43144,"LP43144',",2698,"2698,",2034,"2034,",Semiurban,"semiurban',",Y,"Y'),",,,,,,,,,,
LP001508,"('LP001508',",IP43145,"LP43145',",11757,"11757,",0,"0,",Urban,"urban',",Y,"Y'),",,,,,,,,,,
LP001514,"('LP001514',",IP43146,"LP43146',",2330,"2330,",4486,"4486,",Semiurban,"semiurban',",Y,"Y'),",,,,,,,,,,
LP001516,"('LP001516',",IP43147,"LP43147',",14866,"14866,",0,"0,",Urban,"urban',",Y,"Y'),",,,,,,,,,,
LP001518,"('LP001518',",IP43148,"LP43148',",1538,"1538,",1425,"1425,",Urban,"urban',",Y,"Y'),",,,,,,,,,,
LP001519,"('LP001519',",IP43149,"LP43149',",10000,"10000,",1666,"1666,",Rural,"rural',",N,"N'),",,,,,,,,,,
LP001520,"('LP001520',",IP43150,"LP43150',",4860,"4860,",830,"830,",Semiurban,"semiurban',",Y,"Y'),",,,,,,,,,,
LP001528,"('LP001528',",IP43151,"LP43151',",6277,"6277,",0,"0,",Rural,"rural',",N,"N'),",,,,,,,,,,
LP001529,"('LP001529',",IP43152,"LP43152',",2577,"2577,",3750,"3750,",Rural,"rural',",Y,"Y'),",,,,,,,,,,
LP001531,"('LP001531',",IP43153,"LP43153',",9166,"9166,",0,"0,",Urban,"urban',",N,"N'),",,,,,,,,,,
LP001532,"('LP001532',",IP43154,"LP43154',",2281,"2281,",0,"0,",Rural,"rural',",N,"N'),",,,,,,,,,,
LP001535,"('LP001535',",IP43155,"LP43155',",3254,"3254,",0,"0,",Urban,"urban',",Y,"Y'),",,,,,,,,,,
LP001536,"('LP001536',",IP43156,"LP43156',",39999,"39999,",0,"0,",Semiurban,"semiurban',",Y,"Y'),",,,,,,,,,,
LP001541,"('LP001541',",IP43157,"LP43157',",6000,"6000,",0,"0,",Rural,"rural',",Y,"Y'),",,,,,,,,,,
LP001543,"('LP001543',",IP43158,"LP43158',",9538,"9538,",0,"0,",Urban,"urban',",Y,"Y'),",,,,,,,,,,
LP001546,"('LP001546',",IP43159,"LP43159',",2980,"2980,",2083,"2083,",Rural,"rural',",Y,"Y'),",,,,,,,,,,
LP001552,"('LP001552',",IP43160,"LP43160',",4583,"4583,",5625,"5625,",Semiurban,"semiurban',",Y,"Y'),",,,,,,,,,,
LP001560,"('LP001560',",IP43161,"LP43161',",1863,"1863,",1041,"1041,",Semiurban,"semiurban',",Y,"Y'),",,,,,,,,,,
LP001562,"('LP001562',",IP43162,"LP43162',",7933,"7933,",0,"0,",Urban,"urban',",N,"N'),",,,,,,,,,,
LP001565,"('LP001565',",IP43163,"LP43163',",3089,"3089,",1280,"1280,",Semiurban,"semiurban',",N,"N'),",,,,,,,,,,
LP001570,"('LP001570',",IP43164,"LP43164',",4167,"4167,",1447,"1447,",Rural,"rural',",Y,"Y'),",,,,,,,,,,
LP001572,"('LP001572',",IP43165,"LP43165',",9323,"9323,",0,"0,",Urban,"urban',",Y,"Y'),",,,,,,,,,,
LP001574,"('LP001574',",IP43166,"LP43166',",3707,"3707,",3166,"3166,",Rural,"rural',",Y,"Y'),",,,,,,,,,,
LP001577,"('LP001577',",IP43167,"LP43167',",4583,"4583,",0,"0,",Rural,"rural',",N,"N'),",,,,,,,,,,
LP001578,"('LP001578',",IP43168,"LP43168',",2439,"2439,",3333,"3333,",Rural,"rural',",Y,"Y'),",,,,,,,,,,
LP001579,"('LP001579',",IP43169,"LP43169',",2237,"2237,",0,"0,",Semiurban,"semiurban',",N,"N'),",,,,,,,,,,
LP001580,"('LP001580',",IP43170,"LP43170',",8000,"8000,",0,"0,",Semiurban,"semiurban',",Y,"Y'),",,,,,,,,,,
LP001581,"('LP001581',",IP43171,"LP43171',",1820,"1820,",1769,"1769,",Rural,"rural',",Y,"Y'),",,,,,,,,,,
LP001585,"('LP001585',",IP43172,"LP43172',",51763,"51763,",0,"0,",Urban,"urban',",Y,"Y'),",,,,,,,,,,
LP001586,"('LP001586',",IP43173,"LP43173',",3522,"3522,",0,"0,",Rural,"rural',",N,"N'),",,,,,,,,,,
LP001594,"('LP001594',",IP43174,"LP43174',",5708,"5708,",5625,"5625,",Semiurban,"semiurban',",Y,"Y'),",,,,,,,,,,
LP001603,"('LP001603',",IP43175,"LP43175',",4344,"4344,",736,"736,",Semiurban,"semiurban',",N,"N'),",,,,,,,,,,
LP001606,"('LP001606',",IP43176,"LP43176',",3497,"3497,",1964,"1964,",Rural,"rural',",Y,"Y'),",,,,,,,,,,
LP001608,"('LP001608',",IP43177,"LP43177',",2045,"2045,",1619,"1619,",Rural,"rural',",Y,"Y'),",,,,,,,,,,
LP001610,"('LP001610',",IP43178,"LP43178',",5516,"5516,",11300,"11300,",Semiurban,"semiurban',",N,"N'),",,,,,,,,,,
LP001616,"('LP001616',",IP43179,"LP43179',",3750,"3750,",0,"0,",Semiurban,"semiurban',",Y,"Y'),",,,,,,,,,,
LP001630,"('LP001630',",IP43180,"LP43180',",2333,"2333,",1451,"1451,",Urban,"urban',",N,"N'),",,,,,,,,,,
LP001633,"('LP001633',",IP43181,"LP43181',",6400,"6400,",7250,"7250,",Urban,"urban',",N,"N'),",,,,,,,,,,
LP001634,"('LP001634',",IP43182,"LP43182',",1916,"1916,",5063,"5063,",Rural,"rural',",N,"N'),",,,,,,,,,,
LP001636,"('LP001636',",IP43183,"LP43183',",4600,"4600,",0,"0,",Semiurban,"semiurban',",Y,"Y'),",,,,,,,,,,
LP001637,"('LP001637',",IP43184,"LP43184',",33846,"33846,",0,"0,",Semiurban,"semiurban',",N,"N'),",,,,,,,,,,
LP001639,"('LP001639',",IP43185,"LP43185',",3625,"3625,",0,"0,",Semiurban,"semiurban',",Y,"Y'),",,,,,,,,,,
LP001640,"('LP001640',",IP43186,"LP43186',",39147,"39147,",4750,"4750,",Semiurban,"semiurban',",Y,"Y'),",,,,,,,,,,
LP001641,"('LP001641',",IP43187,"LP43187',",2178,"2178,",0,"0,",Rural,"rural',",N,"N'),",,,,,,,,,,
LP001643,"('LP001643',",IP43188,"LP43188',",2383,"2383,",2138,"2138,",Rural,"rural',",Y,"Y'),",,,,,,,,,,
LP001644,"('LP001644',",IP43189,"LP43189',",674,"674,",5296,"5296,",Rural,"rural',",Y,"Y'),",,,,,,,,,,
LP001647,"('LP001647',",IP43190,"LP43190',",9328,"9328,",0,"0,",Rural,"rural',",Y,"Y'),",,,,,,,,,,
LP001653,"('LP001653',",IP43191,"LP43191',",4885,"4885,",0,"0,",Rural,"rural',",Y,"Y'),",,,,,,,,,,
LP001656,"('LP001656',",IP43192,"LP43192',",12000,"12000,",0,"0,",Semiurban,"semiurban',",N,"N'),",,,,,,,,,,
LP001657,"('LP001657',",IP43193,"LP43193',",6033,"6033,",0,"0,",Urban,"urban',",N,"N'),",,,,,,,,,,
LP001658,"('LP001658',",IP43194,"LP43194',",3858,"3858,",0,"0,",Semiurban,"semiurban',",Y,"Y'),",,,,,,,,,,
LP001664,"('LP001664',",IP43195,"LP43195',",4191,"4191,",0,"0,",Rural,"rural',",Y,"Y'),",,,,,,,,,,
LP001665,"('LP001665',",IP43196,"LP43196',",3125,"3125,",2583,"2583,",Semiurban,"semiurban',",N,"N'),",,,,,,,,,,
LP001666,"('LP001666',",IP43197,"LP43197',",8333,"8333,",3750,"3750,",Rural,"rural',",Y,"Y'),",,,,,,,,,,
LP001669,"('LP001669',",IP43198,"LP43198',",1907,"1907,",2365,"2365,",Urban,"urban',",Y,"Y'),",,,,,,,,,,
LP001671,"('LP001671',",IP43199,"LP43199',",3416,"3416,",2816,"2816,",Semiurban,"semiurban',",Y,"Y'),",,,,,,,,,,
LP001673,"('LP001673',",IP43200,"LP43200',",11000,"11000,",0,"0,",Urban,"urban',",N,"N'),",,,,,,,,,,
LP001674,"('LP001674',",IP43201,"LP43201',",2600,"2600,",2500,"2500,",Semiurban,"semiurban',",Y,"Y'),",,,,,,,,,,
LP001677,"('LP001677',",IP43202,"LP43202',",4923,"4923,",0,"0,",Semiurban,"semiurban',",Y,"Y'),",,,,,,,,,,
LP001682,"('LP001682',",IP43203,"LP43203',",3992,"3992,",0,"0,",Urban,"urban',",N,"N'),",,,,,,,,,,
LP001688,"('LP001688',",IP43204,"LP43204',",3500,"3500,",1083,"1083,",Urban,"urban',",Y,"Y'),",,,,,,,,,,
LP001691,"('LP001691',",IP43205,"LP43205',",3917,"3917,",0,"0,",Semiurban,"semiurban',",Y,"Y'),",,,,,,,,,,
LP001692,"('LP001692',",IP43206,"LP43206',",4408,"4408,",0,"0,",Semiurban,"semiurban',",Y,"Y'),",,,,,,,,,,
LP001693,"('LP001693',",IP43207,"LP43207',",3244,"3244,",0,"0,",Urban,"urban',",Y,"Y'),",,,,,,,,,,
LP001698,"('LP001698',",IP43208,"LP43208',",3975,"3975,",2531,"2531,",Rural,"rural',",Y,"Y'),",,,,,,,,,,
LP001699,"('LP001699',",IP43209,"LP43209',",2479,"2479,",0,"0,",Urban,"urban',",Y,"Y'),",,,,,,,,,,
LP001702,"('LP001702',",IP43210,"LP43210',",3418,"3418,",0,"0,",Semiurban,"semiurban',",N,"N'),",,,,,,,,,,
LP001708,"('LP001708',",IP43211,"LP43211',",10000,"10000,",0,"0,",Semiurban,"semiurban',",N,"N'),",,,,,,,,,,
LP001711,"('LP001711',",IP43212,"LP43212',",3430,"3430,",1250,"1250,",Semiurban,"semiurban',",N,"N'),",,,,,,,,,,
LP001713,"('LP001713',",IP43213,"LP43213',",7787,"7787,",0,"0,",Urban,"urban',",Y,"Y'),",,,,,,,,,,
LP001715,"('LP001715',",IP43214,"LP43214',",5703,"5703,",0,"0,",Rural,"rural',",Y,"Y'),",,,,,,,,,,
LP001716,"('LP001716',",IP43215,"LP43215',",3173,"3173,",3021,"3021,",Urban,"urban',",Y,"Y'),",,,,,,,,,,
LP001720,"('LP001720',",IP43216,"LP43216',",3850,"3850,",983,"983,",Semiurban,"semiurban',",Y,"Y'),",,,,,,,,,,
LP001722,"('LP001722',",IP43217,"LP43217',",150,"150,",1800,"1800,",Rural,"rural',",N,"N'),",,,,,,,,,,
LP001726,"('LP001726',",IP43218,"LP43218',",3727,"3727,",1775,"1775,",Semiurban,"semiurban',",Y,"Y'),",,,,,,,,,,
LP001732,"('LP001732',",IP43219,"LP43219',",5000,"5000,",0,"0,",Semiurban,"semiurban',",N,"N'),",,,,,,,,,,
LP001734,"('LP001734',",IP43220,"LP43220',",4283,"4283,",2383,"2383,",Semiurban,"semiurban',",Y,"Y'),",,,,,,,,,,
LP001736,"('LP001736',",IP43221,"LP43221',",2221,"2221,",0,"0,",Urban,"urban',",N,"N'),",,,,,,,,,,
LP001743,"('LP001743',",IP43222,"LP43222',",4009,"4009,",1717,"1717,",Semiurban,"semiurban',",Y,"Y'),",,,,,,,,,,
LP001744,"('LP001744',",IP43223,"LP43223',",2971,"2971,",2791,"2791,",Semiurban,"semiurban',",Y,"Y'),",,,,,,,,,,
LP001749,"('LP001749',",IP43224,"LP43224',",7578,"7578,",1010,"1010,",Semiurban,"semiurban',",Y,"Y'),",,,,,,,,,,
LP001750,"('LP001750',",IP43225,"LP43225',",6250,"6250,",0,"0,",Semiurban,"semiurban',",Y,"Y'),",,,,,,,,,,
LP001751,"('LP001751',",IP43226,"LP43226',",3250,"3250,",0,"0,",Rural,"rural',",N,"N'),",,,,,,,,,,
LP001754,"('LP001754',",IP43227,"LP43227',",4735,"4735,",0,"0,",Urban,"urban',",N,"N'),",,,,,,,,,,
LP001758,"('LP001758',",IP43228,"LP43228',",6250,"6250,",1695,"1695,",Semiurban,"semiurban',",Y,"Y'),",,,,,,,,,,
LP001760,"('LP001760',",IP43229,"LP43229',",4758,"4758,",0,"0,",Semiurban,"semiurban',",Y,"Y'),",,,,,,,,,,
LP001761,"('LP001761',",IP43230,"LP43230',",6400,"6400,",0,"0,",Rural,"rural',",Y,"Y'),",,,,,,,,,,
LP001765,"('LP001765',",IP43231,"LP43231',",2491,"2491,",2054,"2054,",Semiurban,"semiurban',",Y,"Y'),",,,,,,,,,,
LP001768,"('LP001768',",IP43232,"LP43232',",3716,"3716,",0,"0,",Rural,"rural',",Y,"Y'),",,,,,,,,,,
LP001770,"('LP001770',",IP43233,"LP43233',",3189,"3189,",2598,"2598,",Rural,"rural',",Y,"Y'),",,,,,,,,,,
LP001776,"('LP001776',",IP43234,"LP43234',",8333,"8333,",0,"0,",Semiurban,"semiurban',",Y,"Y'),",,,,,,,,,,
LP001778,"('LP001778',",IP43235,"LP43235',",3155,"3155,",1779,"1779,",Semiurban,"semiurban',",Y,"Y'),",,,,,,,,,,
LP001784,"('LP001784',",IP43236,"LP43236',",5500,"5500,",1260,"1260,",Rural,"rural',",Y,"Y'),",,,,,,,,,,
LP001786,"('LP001786',",IP43237,"LP43237',",5746,"5746,",0,"0,",Urban,"urban',",N,"N'),",,,,,,,,,,
LP001788,"('LP001788',",IP43238,"LP43238',",3463,"3463,",0,"0,",Urban,"urban',",Y,"Y'),",,,,,,,,,,
LP001790,"('LP001790',",IP43239,"LP43239',",3812,"3812,",0,"0,",Rural,"rural',",Y,"Y'),",,,,,,,,,,
LP001792,"('LP001792',",IP43240,"LP43240',",3315,"3315,",0,"0,",Semiurban,"semiurban',",Y,"Y'),",,,,,,,,,,
LP001798,"('LP001798',",IP43241,"LP43241',",5819,"5819,",5000,"5000,",Rural,"rural',",Y,"Y'),",,,,,,,,,,
LP001800,"('LP001800',",IP43242,"LP43242',",2510,"2510,",1983,"1983,",Urban,"urban',",N,"N'),",,,,,,,,,,
LP001806,"('LP001806',",IP43243,"LP43243',",2965,"2965,",5701,"5701,",Urban,"urban',",Y,"Y'),",,,,,,,,,,
LP001807,"('LP001807',",IP43244,"LP43244',",6250,"6250,",1300,"1300,",Rural,"rural',",Y,"Y'),",,,,,,,,,,
LP001811,"('LP001811',",IP43245,"LP43245',",3406,"3406,",4417,"4417,",Semiurban,"semiurban',",Y,"Y'),",,,,,,,,,,
LP001813,"('LP001813',",IP43246,"LP43246',",6050,"6050,",4333,"4333,",Urban,"urban',",N,"N'),",,,,,,,,,,
LP001814,"('LP001814',",IP43247,"LP43247',",9703,"9703,",0,"0,",Urban,"urban',",Y,"Y'),",,,,,,,,,,
LP001819,"('LP001819',",IP43248,"LP43248',",6608,"6608,",0,"0,",Urban,"urban',",Y,"Y'),",,,,,,,,,,
LP001824,"('LP001824',",IP43249,"LP43249',",2882,"2882,",1843,"1843,",Semiurban,"semiurban',",Y,"Y'),",,,,,,,,,,
LP001825,"('LP001825',",IP43250,"LP43250',",1809,"1809,",1868,"1868,",Urban,"urban',",Y,"Y'),",,,,,,,,,,
LP001835,"('LP001835',",IP43251,"LP43251',",1668,"1668,",3890,"3890,",Semiurban,"semiurban',",N,"N'),",,,,,,,,,,
LP001836,"('LP001836',",IP43252,"LP43252',",3427,"3427,",0,"0,",Urban,"urban',",N,"N'),",,,,,,,,,,
LP001841,"('LP001841',",IP43253,"LP43253',",2583,"2583,",2167,"2167,",Rural,"rural',",Y,"Y'),",,,,,,,,,,
LP001843,"('LP001843',",IP43254,"LP43254',",2661,"2661,",7101,"7101,",Semiurban,"semiurban',",Y,"Y'),",,,,,,,,,,
LP001844,"('LP001844',",IP43255,"LP43255',",16250,"16250,",0,"0,",Urban,"urban',",N,"N'),",,,,,,,,,,
LP001846,"('LP001846',",IP43256,"LP43256',",3083,"3083,",0,"0,",Rural,"rural',",Y,"Y'),",,,,,,,,,,
LP001849,"('LP001849',",IP43257,"LP43257',",6045,"6045,",0,"0,",Rural,"rural',",N,"N'),",,,,,,,,,,
LP001854,"('LP001854',",IP43258,"LP43258',",5250,"5250,",0,"0,",Urban,"urban',",N,"N'),",,,,,,,,,,
LP001859,"('LP001859',",IP43259,"LP43259',",14683,"14683,",2100,"2100,",Rural,"rural',",N,"N'),",,,,,,,,,,
LP001864,"('LP001864',",IP43260,"LP43260',",4931,"4931,",0,"0,",Semiurban,"semiurban',",N,"N'),",,,,,,,,,,
LP001865,"('LP001865',",IP43261,"LP43261',",6083,"6083,",4250,"4250,",Urban,"urban',",Y,"Y'),",,,,,,,,,,
LP001868,"('LP001868',",IP43262,"LP43262',",2060,"2060,",2209,"2209,",Semiurban,"semiurban',",Y,"Y'),",,,,,,,,,,
LP001870,"('LP001870',",IP43263,"LP43263',",3481,"3481,",0,"0,",Semiurban,"semiurban',",N,"N'),",,,,,,,,,,
LP001871,"('LP001871',",IP43264,"LP43264',",7200,"7200,",0,"0,",Rural,"rural',",Y,"Y'),",,,,,,,,,,
LP001872,"('LP001872',",IP43265,"LP43265',",5166,"5166,",0,"0,",Semiurban,"semiurban',",Y,"Y'),",,,,,,,,,,
LP001875,"('LP001875',",IP43266,"LP43266',",4095,"4095,",3447,"3447,",Rural,"rural',",Y,"Y'),",,,,,,,,,,
LP001877,"('LP001877',",IP43267,"LP43267',",4708,"4708,",1387,"1387,",Semiurban,"semiurban',",Y,"Y'),",,,,,,,,,,
LP001882,"('LP001882',",IP43268,"LP43268',",4333,"4333,",1811,"1811,",Urban,"urban',",Y,"Y'),",,,,,,,,,,
LP001883,"('LP001883',",IP43269,"LP43269',",3418,"3418,",0,"0,",Rural,"rural',",N,"N'),",,,,,,,,,,
LP001884,"('LP001884',",IP43270,"LP43270',",2876,"2876,",1560,"1560,",Urban,"urban',",Y,"Y'),",,,,,,,,,,
LP001888,"('LP001888',",IP43271,"LP43271',",3237,"3237,",0,"0,",Urban,"urban',",Y,"Y'),",,,,,,,,,,
LP001891,"('LP001891',",IP43272,"LP43272',",11146,"11146,",0,"0,",Urban,"urban',",Y,"Y'),",,,,,,,,,,
LP001892,"('LP001892',",IP43273,"LP43273',",2833,"2833,",1857,"1857,",Rural,"rural',",Y,"Y'),",,,,,,,,,,
LP001894,"('LP001894',",IP43274,"LP43274',",2620,"2620,",2223,"2223,",Semiurban,"semiurban',",Y,"Y'),",,,,,,,,,,
LP001896,"('LP001896',",IP43275,"LP43275',",3900,"3900,",0,"0,",Semiurban,"semiurban',",Y,"Y'),",,,,,,,,,,
LP001900,"('LP001900',",IP43276,"LP43276',",2750,"2750,",1842,"1842,",Semiurban,"semiurban',",Y,"Y'),",,,,,,,,,,
LP001903,"('LP001903',",IP43277,"LP43277',",3993,"3993,",3274,"3274,",Semiurban,"semiurban',",Y,"Y'),",,,,,,,,,,
LP001904,"('LP001904',",IP43278,"LP43278',",3103,"3103,",1300,"1300,",Urban,"urban',",Y,"Y'),",,,,,,,,,,
LP001907,"('LP001907',",IP43279,"LP43279',",14583,"14583,",0,"0,",Semiurban,"semiurban',",Y,"Y'),",,,,,,,,,,
LP001908,"('LP001908',",IP43280,"LP43280',",4100,"4100,",0,"0,",Rural,"rural',",Y,"Y'),",,,,,,,,,,
LP001910,"('LP001910',",IP43281,"LP43281',",4053,"4053,",2426,"2426,",Urban,"urban',",N,"N'),",,,,,,,,,,
LP001914,"('LP001914',",IP43282,"LP43282',",3927,"3927,",800,"800,",Semiurban,"semiurban',",Y,"Y'),",,,,,,,,,,
LP001915,"('LP001915',",IP43283,"LP43283',",2301,"2301,",985.7999878,"985.7999878,",Urban,"urban',",Y,"Y'),",,,,,,,,,,
LP001917,"('LP001917',",IP43284,"LP43284',",1811,"1811,",1666,"1666,",Urban,"urban',",Y,"Y'),",,,,,,,,,,
LP001922,"('LP001922',",IP43285,"LP43285',",20667,"20667,",0,"0,",Rural,"rural',",N,"N'),",,,,,,,,,,
LP001924,"('LP001924',",IP43286,"LP43286',",3158,"3158,",3053,"3053,",Rural,"rural',",Y,"Y'),",,,,,,,,,,
LP001925,"('LP001925',",IP43287,"LP43287',",2600,"2600,",1717,"1717,",Semiurban,"semiurban',",N,"N'),",,,,,,,,,,
LP001926,"('LP001926',",IP43288,"LP43288',",3704,"3704,",2000,"2000,",Rural,"rural',",Y,"Y'),",,,,,,,,,,
LP001931,"('LP001931',",IP43289,"LP43289',",4124,"4124,",0,"0,",Semiurban,"semiurban',",Y,"Y'),",,,,,,,,,,
LP001935,"('LP001935',",IP43290,"LP43290',",9508,"9508,",0,"0,",Rural,"rural',",Y,"Y'),",,,,,,,,,,
LP001936,"('LP001936',",IP43291,"LP43291',",3075,"3075,",2416,"2416,",Rural,"rural',",Y,"Y'),",,,,,,,,,,
LP001938,"('LP001938',",IP43292,"LP43292',",4400,"4400,",0,"0,",Semiurban,"semiurban',",N,"N'),",,,,,,,,,,
LP001940,"('LP001940',",IP43293,"LP43293',",3153,"3153,",1560,"1560,",Urban,"urban',",Y,"Y'),",,,,,,,,,,
LP001945,"('LP001945',",IP43294,"LP43294',",5417,"5417,",0,"0,",Urban,"urban',",N,"N'),",,,,,,,,,,
LP001947,"('LP001947',",IP43295,"LP43295',",2383,"2383,",3334,"3334,",Semiurban,"semiurban',",Y,"Y'),",,,,,,,,,,
LP001949,"('LP001949',",IP43296,"LP43296',",4416,"4416,",1250,"1250,",Urban,"urban',",Y,"Y'),",,,,,,,,,,
LP001953,"('LP001953',",IP43297,"LP43297',",6875,"6875,",0,"0,",Semiurban,"semiurban',",Y,"Y'),",,,,,,,,,,
LP001954,"('LP001954',",IP43298,"LP43298',",4666,"4666,",0,"0,",Urban,"urban',",Y,"Y'),",,,,,,,,,,
LP001955,"('LP001955',",IP43299,"LP43299',",5000,"5000,",2541,"2541,",Rural,"rural',",N,"N'),",,,,,,,,,,
LP001963,"('LP001963',",IP43300,"LP43300',",2014,"2014,",2925,"2925,",Urban,"urban',",N,"N'),",,,,,,,,,,
LP001964,"('LP001964',",IP43301,"LP43301',",1800,"1800,",2934,"2934,",Urban,"urban',",N,"N'),",,,,,,,,,,
LP001972,"('LP001972',",IP43302,"LP43302',",2875,"2875,",1750,"1750,",Semiurban,"semiurban',",Y,"Y'),",,,,,,,,,,
LP001974,"('LP001974',",IP43303,"LP43303',",5000,"5000,",0,"0,",Rural,"rural',",Y,"Y'),",,,,,,,,,,
LP001977,"('LP001977',",IP43304,"LP43304',",1625,"1625,",1803,"1803,",Urban,"urban',",Y,"Y'),",,,,,,,,,,
LP001978,"('LP001978',",IP43305,"LP43305',",4000,"4000,",2500,"2500,",Rural,"rural',",Y,"Y'),",,,,,,,,,,
LP001990,"('LP001990',",IP43306,"LP43306',",2000,"2000,",0,"0,",Urban,"urban',",N,"N'),",,,,,,,,,,
LP001993,"('LP001993',",IP43307,"LP43307',",3762,"3762,",1666,"1666,",Rural,"rural',",Y,"Y'),",,,,,,,,,,
LP001994,"('LP001994',",IP43308,"LP43308',",2400,"2400,",1863,"1863,",Urban,"urban',",N,"N'),",,,,,,,,,,
LP001996,"('LP001996',",IP43309,"LP43309',",20233,"20233,",0,"0,",Rural,"rural',",N,"N'),",,,,,,,,,,
LP001998,"('LP001998',",IP43310,"LP43310',",7667,"7667,",0,"0,",Rural,"rural',",Y,"Y'),",,,,,,,,,,
LP002002,"('LP002002',",IP43311,"LP43311',",2917,"2917,",0,"0,",Semiurban,"semiurban',",Y,"Y'),",,,,,,,,,,
LP002004,"('LP002004',",IP43312,"LP43312',",2927,"2927,",2405,"2405,",Semiurban,"semiurban',",Y,"Y'),",,,,,,,,,,
LP002006,"('LP002006',",IP43313,"LP43313',",2507,"2507,",0,"0,",Rural,"rural',",Y,"Y'),",,,,,,,,,,
LP002008,"('LP002008',",IP43314,"LP43314',",5746,"5746,",0,"0,",Rural,"rural',",Y,"Y'),",,,,,,,,,,
LP002024,"('LP002024',",IP43315,"LP43315',",2473,"2473,",1843,"1843,",Rural,"rural',",N,"N'),",,,,,,,,,,
LP002031,"('LP002031',",IP43316,"LP43316',",3399,"3399,",1640,"1640,",Urban,"urban',",Y,"Y'),",,,,,,,,,,
LP002035,"('LP002035',",IP43317,"LP43317',",3717,"3717,",0,"0,",Semiurban,"semiurban',",Y,"Y'),",,,,,,,,,,
LP002036,"('LP002036',",IP43318,"LP43318',",2058,"2058,",2134,"2134,",Urban,"urban',",Y,"Y'),",,,,,,,,,,
LP002043,"('LP002043',",IP43319,"LP43319',",3541,"3541,",0,"0,",Semiurban,"semiurban',",Y,"Y'),",,,,,,,,,,
LP002050,"('LP002050',",IP43320,"LP43320',",10000,"10000,",0,"0,",Rural,"rural',",N,"N'),",,,,,,,,,,
LP002051,"('LP002051',",IP43321,"LP43321',",2400,"2400,",2167,"2167,",Semiurban,"semiurban',",Y,"Y'),",,,,,,,,,,
LP002053,"('LP002053',",IP43322,"LP43322',",4342,"4342,",189,"189,",Semiurban,"semiurban',",Y,"Y'),",,,,,,,,,,
LP002054,"('LP002054',",IP43323,"LP43323',",3601,"3601,",1590,"1590,",Rural,"rural',",Y,"Y'),",,,,,,,,,,
LP002055,"('LP002055',",IP43324,"LP43324',",3166,"3166,",2985,"2985,",Rural,"rural',",Y,"Y'),",,,,,,,,,,
LP002065,"('LP002065',",IP43325,"LP43325',",15000,"15000,",0,"0,",Rural,"rural',",Y,"Y'),",,,,,,,,,,
LP002067,"('LP002067',",IP43326,"LP43326',",8666,"8666,",4983,"4983,",Rural,"rural',",N,"N'),",,,,,,,,,,
LP002068,"('LP002068',",IP43327,"LP43327',",4917,"4917,",0,"0,",Rural,"rural',",Y,"Y'),",,,,,,,,,,
LP002082,"('LP002082',",IP43328,"LP43328',",5818,"5818,",2160,"2160,",Semiurban,"semiurban',",Y,"Y'),",,,,,,,,,,
LP002086,"('LP002086',",IP43329,"LP43329',",4333,"4333,",2451,"2451,",Urban,"urban',",N,"N'),",,,,,,,,,,
LP002087,"('LP002087',",IP43330,"LP43330',",2500,"2500,",0,"0,",Urban,"urban',",Y,"Y'),",,,,,,,,,,
LP002097,"('LP002097',",IP43331,"LP43331',",4384,"4384,",1793,"1793,",Urban,"urban',",Y,"Y'),",,,,,,,,,,
LP002098,"('LP002098',",IP43332,"LP43332',",2935,"2935,",0,"0,",Semiurban,"semiurban',",Y,"Y'),",,,,,,,,,,
LP002100,"('LP002100',",IP43333,"LP43333',",2833,"2833,",0,"0,",Urban,"urban',",Y,"Y'),",,,,,,,,,,
LP002101,"('LP002101',",IP43334,"LP43334',",63337,"63337,",0,"0,",Urban,"urban',",Y,"Y'),",,,,,,,,,,
LP002103,"('LP002103',",IP43335,"LP43335',",9833,"9833,",1833,"1833,",Urban,"urban',",Y,"Y'),",,,,,,,,,,
LP002106,"('LP002106',",IP43336,"LP43336',",5503,"5503,",4490,"4490,",Semiurban,"semiurban',",Y,"Y'),",,,,,,,,,,
LP002110,"('LP002110',",IP43337,"LP43337',",5250,"5250,",688,"688,",Rural,"rural',",Y,"Y'),",,,,,,,,,,
LP002112,"('LP002112',",IP43338,"LP43338',",2500,"2500,",4600,"4600,",Rural,"rural',",Y,"Y'),",,,,,,,,,,
LP002113,"('LP002113',",IP43339,"LP43339',",1830,"1830,",0,"0,",Urban,"urban',",N,"N'),",,,,,,,,,,
LP002114,"('LP002114',",IP43340,"LP43340',",4160,"4160,",0,"0,",Semiurban,"semiurban',",Y,"Y'),",,,,,,,,,,
LP002115,"('LP002115',",IP43341,"LP43341',",2647,"2647,",1587,"1587,",Rural,"rural',",N,"N'),",,,,,,,,,,
LP002116,"('LP002116',",IP43342,"LP43342',",2378,"2378,",0,"0,",Rural,"rural',",N,"N'),",,,,,,,,,,
LP002119,"('LP002119',",IP43343,"LP43343',",4554,"4554,",1229,"1229,",Urban,"urban',",Y,"Y'),",,,,,,,,,,
LP002126,"('LP002126',",IP43344,"LP43344',",3173,"3173,",0,"0,",Semiurban,"semiurban',",Y,"Y'),",,,,,,,,,,
LP002128,"('LP002128',",IP43345,"LP43345',",2583,"2583,",2330,"2330,",Rural,"rural',",Y,"Y'),",,,,,,,,,,
LP002129,"('LP002129',",IP43346,"LP43346',",2499,"2499,",2458,"2458,",Semiurban,"semiurban',",Y,"Y'),",,,,,,,,,,
LP002130,"('LP002130',",IP43347,"LP43347',",3523,"3523,",3230,"3230,",Rural,"rural',",N,"N'),",,,,,,,,,,
LP002131,"('LP002131',",IP43348,"LP43348',",3083,"3083,",2168,"2168,",Urban,"urban',",Y,"Y'),",,,,,,,,,,
LP002137,"('LP002137',",IP43349,"LP43349',",6333,"6333,",4583,"4583,",Semiurban,"semiurban',",Y,"Y'),",,,,,,,,,,
LP002138,"('LP002138',",IP43350,"LP43350',",2625,"2625,",6250,"6250,",Rural,"rural',",Y,"Y'),",,,,,,,,,,
LP002139,"('LP002139',",IP43351,"LP43351',",9083,"9083,",0,"0,",Semiurban,"semiurban',",Y,"Y'),",,,,,,,,,,
LP002140,"('LP002140',",IP43352,"LP43352',",8750,"8750,",4167,"4167,",Rural,"rural',",N,"N'),",,,,,,,,,,
LP002141,"('LP002141',",IP43353,"LP43353',",2666,"2666,",2083,"2083,",Rural,"rural',",Y,"Y'),",,,,,,,,,,
LP002142,"('LP002142',",IP43354,"LP43354',",5500,"5500,",0,"0,",Rural,"rural',",N,"N'),",,,,,,,,,,
LP002143,"('LP002143',",IP43355,"LP43355',",2423,"2423,",505,"505,",Semiurban,"semiurban',",Y,"Y'),",,,,,,,,,,
LP002144,"('LP002144',",IP43356,"LP43356',",3813,"3813,",0,"0,",Urban,"urban',",Y,"Y'),",,,,,,,,,,
LP002149,"('LP002149',",IP43357,"LP43357',",8333,"8333,",3167,"3167,",Rural,"rural',",Y,"Y'),",,,,,,,,,,
LP002151,"('LP002151',",IP43358,"LP43358',",3875,"3875,",0,"0,",Urban,"urban',",N,"N'),",,,,,,,,,,
LP002158,"('LP002158',",IP43359,"LP43359',",3000,"3000,",1666,"1666,",Urban,"urban',",N,"N'),",,,,,,,,,,
LP002160,"('LP002160',",IP43360,"LP43360',",5167,"5167,",3167,"3167,",Semiurban,"semiurban',",Y,"Y'),",,,,,,,,,,
LP002161,"('LP002161',",IP43361,"LP43361',",4723,"4723,",0,"0,",Semiurban,"semiurban',",N,"N'),",,,,,,,,,,
LP002170,"('LP002170',",IP43362,"LP43362',",5000,"5000,",3667,"3667,",Semiurban,"semiurban',",Y,"Y'),",,,,,,,,,,
LP002175,"('LP002175',",IP43363,"LP43363',",4750,"4750,",2333,"2333,",Urban,"urban',",Y,"Y'),",,,,,,,,,,
LP002178,"('LP002178',",IP43364,"LP43364',",3013,"3013,",3033,"3033,",Urban,"urban',",Y,"Y'),",,,,,,,,,,
LP002180,"('LP002180',",IP43365,"LP43365',",6822,"6822,",0,"0,",Rural,"rural',",Y,"Y'),",,,,,,,,,,
LP002181,"('LP002181',",IP43366,"LP43366',",6216,"6216,",0,"0,",Rural,"rural',",N,"N'),",,,,,,,,,,
LP002187,"('LP002187',",IP43367,"LP43367',",2500,"2500,",0,"0,",Semiurban,"semiurban',",N,"N'),",,,,,,,,,,
LP002188,"('LP002188',",IP43368,"LP43368',",5124,"5124,",0,"0,",Rural,"rural',",N,"N'),",,,,,,,,,,
LP002190,"('LP002190',",IP43369,"LP43369',",6325,"6325,",0,"0,",Semiurban,"semiurban',",Y,"Y'),",,,,,,,,,,
LP002191,"('LP002191',",IP43370,"LP43370',",19730,"19730,",5266,"5266,",Rural,"rural',",N,"N'),",,,,,,,,,,
LP002194,"('LP002194',",IP43371,"LP43371',",15759,"15759,",0,"0,",Semiurban,"semiurban',",Y,"Y'),",,,,,,,,,,
LP002197,"('LP002197',",IP43372,"LP43372',",5185,"5185,",0,"0,",Semiurban,"semiurban',",Y,"Y'),",,,,,,,,,,
LP002201,"('LP002201',",IP43373,"LP43373',",9323,"9323,",7873,"7873,",Rural,"rural',",Y,"Y'),",,,,,,,,,,
LP002205,"('LP002205',",IP43374,"LP43374',",3062,"3062,",1987,"1987,",Urban,"urban',",N,"N'),",,,,,,,,,,
LP002209,"('LP002209',",IP43375,"LP43375',",2764,"2764,",1459,"1459,",Urban,"urban',",Y,"Y'),",,,,,,,,,,
LP002211,"('LP002211',",IP43376,"LP43376',",4817,"4817,",923,"923,",Urban,"urban',",Y,"Y'),",,,,,,,,,,
LP002219,"('LP002219',",IP43377,"LP43377',",8750,"8750,",4996,"4996,",Rural,"rural',",Y,"Y'),",,,,,,,,,,
LP002223,"('LP002223',",IP43378,"LP43378',",4310,"4310,",0,"0,",Semiurban,"semiurban',",Y,"Y'),",,,,,,,,,,
LP002224,"('LP002224',",IP43379,"LP43379',",3069,"3069,",0,"0,",Urban,"urban',",N,"N'),",,,,,,,,,,
LP002225,"('LP002225',",IP43380,"LP43380',",5391,"5391,",0,"0,",Urban,"urban',",Y,"Y'),",,,,,,,,,,
LP002226,"('LP002226',",IP43381,"LP43381',",3333,"3333,",2500,"2500,",Semiurban,"semiurban',",Y,"Y'),",,,,,,,,,,
LP002229,"('LP002229',",IP43382,"LP43382',",5941,"5941,",4232,"4232,",Semiurban,"semiurban',",Y,"Y'),",,,,,,,,,,
LP002231,"('LP002231',",IP43383,"LP43383',",6000,"6000,",0,"0,",Urban,"urban',",Y,"Y'),",,,,,,,,,,
LP002234,"('LP002234',",IP43384,"LP43384',",7167,"7167,",0,"0,",Urban,"urban',",Y,"Y'),",,,,,,,,,,
LP002236,"('LP002236',",IP43385,"LP43385',",4566,"4566,",0,"0,",Urban,"urban',",N,"N'),",,,,,,,,,,
LP002237,"('LP002237',",IP43386,"LP43386',",3667,"3667,",0,"0,",Urban,"urban',",Y,"Y'),",,,,,,,,,,
LP002239,"('LP002239',",IP43387,"LP43387',",2346,"2346,",1600,"1600,",Semiurban,"semiurban',",Y,"Y'),",,,,,,,,,,
LP002243,"('LP002243',",IP43388,"LP43388',",3010,"3010,",3136,"3136,",Urban,"urban',",N,"N'),",,,,,,,,,,
LP002244,"('LP002244',",IP43389,"LP43389',",2333,"2333,",2417,"2417,",Urban,"urban',",Y,"Y'),",,,,,,,,,,
LP002250,"('LP002250',",IP43390,"LP43390',",5488,"5488,",0,"0,",Rural,"rural',",Y,"Y'),",,,,,,,,,,
LP002255,"('LP002255',",IP43391,"LP43391',",9167,"9167,",0,"0,",Rural,"rural',",Y,"Y'),",,,,,,,,,,
LP002262,"('LP002262',",IP43392,"LP43392',",9504,"9504,",0,"0,",Rural,"rural',",Y,"Y'),",,,,,,,,,,
LP002263,"('LP002263',",IP43393,"LP43393',",2583,"2583,",2115,"2115,",Urban,"urban',",Y,"Y'),",,,,,,,,,,
LP002265,"('LP002265',",IP43394,"LP43394',",1993,"1993,",1625,"1625,",Semiurban,"semiurban',",Y,"Y'),",,,,,,,,,,
LP002266,"('LP002266',",IP43395,"LP43395',",3100,"3100,",1400,"1400,",Urban,"urban',",Y,"Y'),",,,,,,,,,,
LP002272,"('LP002272',",IP43396,"LP43396',",3276,"3276,",484,"484,",Semiurban,"semiurban',",Y,"Y'),",,,,,,,,,,
LP002277,"('LP002277',",IP43397,"LP43397',",3180,"3180,",0,"0,",Urban,"urban',",N,"N'),",,,,,,,,,,
LP002281,"('LP002281',",IP43398,"LP43398',",3033,"3033,",1459,"1459,",Urban,"urban',",Y,"Y'),",,,,,,,,,,
LP002284,"('LP002284',",IP43399,"LP43399',",3902,"3902,",1666,"1666,",Rural,"rural',",Y,"Y'),",,,,,,,,,,
LP002287,"('LP002287',",IP43400,"LP43400',",1500,"1500,",1800,"1800,",Semiurban,"semiurban',",N,"N'),",,,,,,,,,,
LP002288,"('LP002288',",IP43401,"LP43401',",2889,"2889,",0,"0,",Urban,"urban',",N,"N'),",,,,,,,,,,
LP002296,"('LP002296',",IP43402,"LP43402',",2755,"2755,",0,"0,",Rural,"rural',",N,"N'),",,,,,,,,,,
LP002297,"('LP002297',",IP43403,"LP43403',",2500,"2500,",20000,"20000,",Semiurban,"semiurban',",Y,"Y'),",,,,,,,,,,
LP002300,"('LP002300',",IP43404,"LP43404',",1963,"1963,",0,"0,",Semiurban,"semiurban',",Y,"Y'),",,,,,,,,,,
LP002301,"('LP002301',",IP43405,"LP43405',",7441,"7441,",0,"0,",Rural,"rural',",N,"N'),",,,,,,,,,,
LP002305,"('LP002305',",IP43406,"LP43406',",4547,"4547,",0,"0,",Semiurban,"semiurban',",Y,"Y'),",,,,,,,,,,
LP002308,"('LP002308',",IP43407,"LP43407',",2167,"2167,",2400,"2400,",Urban,"urban',",Y,"Y'),",,,,,,,,,,
LP002314,"('LP002314',",IP43408,"LP43408',",2213,"2213,",0,"0,",Rural,"rural',",Y,"Y'),",,,,,,,,,,
LP002315,"('LP002315',",IP43409,"LP43409',",8300,"8300,",0,"0,",Semiurban,"semiurban',",N,"N'),",,,,,,,,,,
LP002317,"('LP002317',",IP43410,"LP43410',",81000,"81000,",0,"0,",Rural,"rural',",N,"N'),",,,,,,,,,,
LP002318,"('LP002318',",IP43411,"LP43411',",3867,"3867,",0,"0,",Semiurban,"semiurban',",N,"N'),",,,,,,,,,,
LP002319,"('LP002319',",IP43412,"LP43412',",6256,"6256,",0,"0,",Urban,"urban',",Y,"Y'),",,,,,,,,,,
LP002328,"('LP002328',",IP43413,"LP43413',",6096,"6096,",0,"0,",Rural,"rural',",N,"N'),",,,,,,,,,,
LP002332,"('LP002332',",IP43414,"LP43414',",2253,"2253,",2033,"2033,",Rural,"rural',",Y,"Y'),",,,,,,,,,,
LP002335,"('LP002335',",IP43415,"LP43415',",2149,"2149,",3237,"3237,",Semiurban,"semiurban',",N,"N'),",,,,,,,,,,
LP002337,"('LP002337',",IP43416,"LP43416',",2995,"2995,",0,"0,",Urban,"urban',",Y,"Y'),",,,,,,,,,,
LP002341,"('LP002341',",IP43417,"LP43417',",2600,"2600,",0,"0,",Urban,"urban',",N,"N'),",,,,,,,,,,
LP002342,"('LP002342',",IP43418,"LP43418',",1600,"1600,",20000,"20000,",Urban,"urban',",N,"N'),",,,,,,,,,,
LP002345,"('LP002345',",IP43419,"LP43419',",1025,"1025,",2773,"2773,",Rural,"rural',",Y,"Y'),",,,,,,,,,,
LP002347,"('LP002347',",IP43420,"LP43420',",3246,"3246,",1417,"1417,",Semiurban,"semiurban',",Y,"Y'),",,,,,,,,,,
LP002348,"('LP002348',",IP43421,"LP43421',",5829,"5829,",0,"0,",Rural,"rural',",Y,"Y'),",,,,,,,,,,
LP002357,"('LP002357',",IP43422,"LP43422',",2720,"2720,",0,"0,",Urban,"urban',",N,"N'),",,,,,,,,,,
LP002361,"('LP002361',",IP43423,"LP43423',",1820,"1820,",1719,"1719,",Urban,"urban',",Y,"Y'),",,,,,,,,,,
LP002362,"('LP002362',",IP43424,"LP43424',",7250,"7250,",1667,"1667,",Urban,"urban',",N,"N'),",,,,,,,,,,
LP002364,"('LP002364',",IP43425,"LP43425',",14880,"14880,",0,"0,",Semiurban,"semiurban',",Y,"Y'),",,,,,,,,,,
LP002366,"('LP002366',",IP43426,"LP43426',",2666,"2666,",4300,"4300,",Rural,"rural',",Y,"Y'),",,,,,,,,,,
LP002367,"('LP002367',",IP43427,"LP43427',",4606,"4606,",0,"0,",Rural,"rural',",N,"N'),",,,,,,,,,,
LP002368,"('LP002368',",IP43428,"LP43428',",5935,"5935,",0,"0,",Semiurban,"semiurban',",Y,"Y'),",,,,,,,,,,
LP002369,"('LP002369',",IP43429,"LP43429',",2920,"2920,",16.12000084,"16.12000084,",Rural,"rural',",Y,"Y'),",,,,,,,,,,
LP002370,"('LP002370',",IP43430,"LP43430',",2717,"2717,",0,"0,",Urban,"urban',",Y,"Y'),",,,,,,,,,,
LP002377,"('LP002377',",IP43431,"LP43431',",8624,"8624,",0,"0,",Semiurban,"semiurban',",Y,"Y'),",,,,,,,,,,
LP002379,"('LP002379',",IP43432,"LP43432',",6500,"6500,",0,"0,",Rural,"rural',",N,"N'),",,,,,,,,,,
LP002386,"('LP002386',",IP43433,"LP43433',",12876,"12876,",0,"0,",Semiurban,"semiurban',",Y,"Y'),",,,,,,,,,,
LP002387,"('LP002387',",IP43434,"LP43434',",2425,"2425,",2340,"2340,",Semiurban,"semiurban',",Y,"Y'),",,,,,,,,,,
LP002390,"('LP002390',",IP43435,"LP43435',",3750,"3750,",0,"0,",Urban,"urban',",Y,"Y'),",,,,,,,,,,
LP002393,"('LP002393',",IP43436,"LP43436',",10047,"10047,",0,"0,",Semiurban,"semiurban',",Y,"Y'),",,,,,,,,,,
LP002398,"('LP002398',",IP43437,"LP43437',",1926,"1926,",1851,"1851,",Semiurban,"semiurban',",Y,"Y'),",,,,,,,,,,
LP002401,"('LP002401',",IP43438,"LP43438',",2213,"2213,",1125,"1125,",Urban,"urban',",Y,"Y'),",,,,,,,,,,
LP002403,"('LP002403',",IP43439,"LP43439',",10416,"10416,",0,"0,",Urban,"urban',",N,"N'),",,,,,,,,,,
LP002407,"('LP002407',",IP43440,"LP43440',",7142,"7142,",0,"0,",Rural,"rural',",Y,"Y'),",,,,,,,,,,
LP002408,"('LP002408',",IP43441,"LP43441',",3660,"3660,",5064,"5064,",Semiurban,"semiurban',",Y,"Y'),",,,,,,,,,,
LP002409,"('LP002409',",IP43442,"LP43442',",7901,"7901,",1833,"1833,",Rural,"rural',",Y,"Y'),",,,,,,,,,,
LP002418,"('LP002418',",IP43443,"LP43443',",4707,"4707,",1993,"1993,",Semiurban,"semiurban',",Y,"Y'),",,,,,,,,,,
LP002422,"('LP002422',",IP43444,"LP43444',",37719,"37719,",0,"0,",Semiurban,"semiurban',",Y,"Y'),",,,,,,,,,,
LP002424,"('LP002424',",IP43445,"LP43445',",7333,"7333,",8333,"8333,",Rural,"rural',",Y,"Y'),",,,,,,,,,,
LP002429,"('LP002429',",IP43446,"LP43446',",3466,"3466,",1210,"1210,",Rural,"rural',",Y,"Y'),",,,,,,,,,,
LP002434,"('LP002434',",IP43447,"LP43447',",4652,"4652,",0,"0,",Rural,"rural',",Y,"Y'),",,,,,,,,,,
LP002435,"('LP002435',",IP43448,"LP43448',",3539,"3539,",1376,"1376,",Rural,"rural',",N,"N'),",,,,,,,,,,
LP002443,"('LP002443',",IP43449,"LP43449',",3340,"3340,",1710,"1710,",Rural,"rural',",N,"N'),",,,,,,,,,,
LP002444,"('LP002444',",IP43450,"LP43450',",2769,"2769,",1542,"1542,",Semiurban,"semiurban',",N,"N'),",,,,,,,,,,
LP002446,"('LP002446',",IP43451,"LP43451',",2309,"2309,",1255,"1255,",Rural,"rural',",N,"N'),",,,,,,,,,,
LP002447,"('LP002447',",IP43452,"LP43452',",1958,"1958,",1456,"1456,",Urban,"urban',",Y,"Y'),",,,,,,,,,,
LP002448,"('LP002448',",IP43453,"LP43453',",3948,"3948,",1733,"1733,",Rural,"rural',",N,"N'),",,,,,,,,,,
LP002449,"('LP002449',",IP43454,"LP43454',",2483,"2483,",2466,"2466,",Rural,"rural',",Y,"Y'),",,,,,,,,,,
LP002453,"('LP002453',",IP43455,"LP43455',",7085,"7085,",0,"0,",Semiurban,"semiurban',",Y,"Y'),",,,,,,,,,,
LP002455,"('LP002455',",IP43456,"LP43456',",3859,"3859,",0,"0,",Semiurban,"semiurban',",Y,"Y'),",,,,,,,,,,
LP002459,"('LP002459',",IP43457,"LP43457',",4301,"4301,",0,"0,",Urban,"urban',",Y,"Y'),",,,,,,,,,,
LP002467,"('LP002467',",IP43458,"LP43458',",3708,"3708,",2569,"2569,",Urban,"urban',",N,"N'),",,,,,,,,,,
LP002472,"('LP002472',",IP43459,"LP43459',",4354,"4354,",0,"0,",Rural,"rural',",Y,"Y'),",,,,,,,,,,
LP002473,"('LP002473',",IP43460,"LP43460',",8334,"8334,",0,"0,",Semiurban,"semiurban',",N,"N'),",,,,,,,,,,
LP002478,"('LP002478',",IP43461,"LP43461',",2083,"2083,",4083,"4083,",Semiurban,"semiurban',",Y,"Y'),",,,,,,,,,,
LP002484,"('LP002484',",IP43462,"LP43462',",7740,"7740,",0,"0,",Urban,"urban',",Y,"Y'),",,,,,,,,,,
LP002487,"('LP002487',",IP43463,"LP43463',",3015,"3015,",2188,"2188,",Rural,"rural',",Y,"Y'),",,,,,,,,,,
LP002489,"('LP002489',",IP43464,"LP43464',",5191,"5191,",0,"0,",Semiurban,"semiurban',",Y,"Y'),",,,,,,,,,,
LP002493,"('LP002493',",IP43465,"LP43465',",4166,"4166,",0,"0,",Semiurban,"semiurban',",N,"N'),",,,,,,,,,,
LP002494,"('LP002494',",IP43466,"LP43466',",6000,"6000,",0,"0,",Rural,"rural',",Y,"Y'),",,,,,,,,,,
LP002500,"('LP002500',",IP43467,"LP43467',",2947,"2947,",1664,"1664,",Urban,"urban',",N,"N'),",,,,,,,,,,
LP002501,"('LP002501',",IP43468,"LP43468',",16692,"16692,",0,"0,",Semiurban,"semiurban',",Y,"Y'),",,,,,,,,,,
LP002502,"('LP002502',",IP43469,"LP43469',",210,"210,",2917,"2917,",Semiurban,"semiurban',",Y,"Y'),",,,,,,,,,,
LP002505,"('LP002505',",IP43470,"LP43470',",4333,"4333,",2451,"2451,",Urban,"urban',",N,"N'),",,,,,,,,,,
LP002515,"('LP002515',",IP43471,"LP43471',",3450,"3450,",2079,"2079,",Semiurban,"semiurban',",Y,"Y'),",,,,,,,,,,
LP002517,"('LP002517',",IP43472,"LP43472',",2653,"2653,",1500,"1500,",Rural,"rural',",N,"N'),",,,,,,,,,,
LP002519,"('LP002519',",IP43473,"LP43473',",4691,"4691,",0,"0,",Semiurban,"semiurban',",Y,"Y'),",,,,,,,,,,
LP002522,"('LP002522',",IP43474,"LP43474',",2500,"2500,",0,"0,",Urban,"urban',",Y,"Y'),",,,,,,,,,,
LP002524,"('LP002524',",IP43475,"LP43475',",5532,"5532,",4648,"4648,",Rural,"rural',",Y,"Y'),",,,,,,,,,,
LP002527,"('LP002527',",IP43476,"LP43476',",16525,"16525,",1014,"1014,",Rural,"rural',",Y,"Y'),",,,,,,,,,,
LP002529,"('LP002529',",IP43477,"LP43477',",6700,"6700,",1750,"1750,",Semiurban,"semiurban',",Y,"Y'),",,,,,,,,,,
LP002530,"('LP002530',",IP43478,"LP43478',",2873,"2873,",1872,"1872,",Semiurban,"semiurban',",N,"N'),",,,,,,,,,,
LP002531,"('LP002531',",IP43479,"LP43479',",16667,"16667,",2250,"2250,",Semiurban,"semiurban',",Y,"Y'),",,,,,,,,,,
LP002533,"('LP002533',",IP43480,"LP43480',",2947,"2947,",1603,"1603,",Urban,"urban',",N,"N'),",,,,,,,,,,
LP002534,"('LP002534',",IP43481,"LP43481',",4350,"4350,",0,"0,",Rural,"rural',",Y,"Y'),",,,,,,,,,,
LP002536,"('LP002536',",IP43482,"LP43482',",3095,"3095,",0,"0,",Rural,"rural',",Y,"Y'),",,,,,,,,,,
LP002537,"('LP002537',",IP43483,"LP43483',",2083,"2083,",3150,"3150,",Semiurban,"semiurban',",Y,"Y'),",,,,,,,,,,
LP002541,"('LP002541',",IP43484,"LP43484',",10833,"10833,",0,"0,",Semiurban,"semiurban',",Y,"Y'),",,,,,,,,,,
LP002543,"('LP002543',",IP43485,"LP43485',",8333,"8333,",0,"0,",Semiurban,"semiurban',",Y,"Y'),",,,,,,,,,,
LP002544,"('LP002544',",IP43486,"LP43486',",1958,"1958,",2436,"2436,",Rural,"rural',",Y,"Y'),",,,,,,,,,,
LP002545,"('LP002545',",IP43487,"LP43487',",3547,"3547,",0,"0,",Rural,"rural',",N,"N'),",,,,,,,,,,
LP002547,"('LP002547',",IP43488,"LP43488',",18333,"18333,",0,"0,",Urban,"urban',",N,"N'),",,,,,,,,,,
LP002555,"('LP002555',",IP43489,"LP43489',",4583,"4583,",2083,"2083,",Semiurban,"semiurban',",Y,"Y'),",,,,,,,,,,
LP002556,"('LP002556',",IP43490,"LP43490',",2435,"2435,",0,"0,",Urban,"urban',",N,"N'),",,,,,,,,,,
LP002560,"('LP002560',",IP43491,"LP43491',",2699,"2699,",2785,"2785,",Semiurban,"semiurban',",Y,"Y'),",,,,,,,,,,
LP002562,"('LP002562',",IP43492,"LP43492',",5333,"5333,",1131,"1131,",Urban,"urban',",Y,"Y'),",,,,,,,,,,
LP002571,"('LP002571',",IP43493,"LP43493',",3691,"3691,",0,"0,",Rural,"rural',",Y,"Y'),",,,,,,,,,,
LP002582,"('LP002582',",IP43494,"LP43494',",17263,"17263,",0,"0,",Semiurban,"semiurban',",Y,"Y'),",,,,,,,,,,
LP002585,"('LP002585',",IP43495,"LP43495',",3597,"3597,",2157,"2157,",Rural,"rural',",N,"N'),",,,,,,,,,,
LP002586,"('LP002586',",IP43496,"LP43496',",3326,"3326,",913,"913,",Semiurban,"semiurban',",Y,"Y'),",,,,,,,,,,
LP002587,"('LP002587',",IP43497,"LP43497',",2600,"2600,",1700,"1700,",Rural,"rural',",Y,"Y'),",,,,,,,,,,
LP002588,"('LP002588',",IP43498,"LP43498',",4625,"4625,",2857,"2857,",Urban,"urban',",Y,"Y'),",,,,,,,,,,
LP002600,"('LP002600',",IP43499,"LP43499',",2895,"2895,",0,"0,",Semiurban,"semiurban',",Y,"Y'),",,,,,,,,,,
LP002602,"('LP002602',",IP43500,"LP43500',",6283,"6283,",4416,"4416,",Rural,"rural',",N,"N'),",,,,,,,,,,
LP002603,"('LP002603',",IP43501,"LP43501',",645,"645,",3683,"3683,",Rural,"rural',",Y,"Y'),",,,,,,,,,,
LP002606,"('LP002606',",IP43502,"LP43502',",3159,"3159,",0,"0,",Semiurban,"semiurban',",Y,"Y'),",,,,,,,,,,
LP002615,"('LP002615',",IP43503,"LP43503',",4865,"4865,",5624,"5624,",Semiurban,"semiurban',",Y,"Y'),",,,,,,,,,,
LP002618,"('LP002618',",IP43504,"LP43504',",4050,"4050,",5302,"5302,",Rural,"rural',",N,"N'),",,,,,,,,,,
LP002619,"('LP002619',",IP43505,"LP43505',",3814,"3814,",1483,"1483,",Semiurban,"semiurban',",Y,"Y'),",,,,,,,,,,
LP002622,"('LP002622',",IP43506,"LP43506',",3510,"3510,",4416,"4416,",Rural,"rural',",Y,"Y'),",,,,,,,,,,
LP002624,"('LP002624',",IP43507,"LP43507',",20833,"20833,",6667,"6667,",Urban,"urban',",Y,"Y'),",,,,,,,,,,
LP002625,"('LP002625',",IP43508,"LP43508',",3583,"3583,",0,"0,",Urban,"urban',",N,"N'),",,,,,,,,,,
LP002626,"('LP002626',",IP43509,"LP43509',",2479,"2479,",3013,"3013,",Urban,"urban',",Y,"Y'),",,,,,,,,,,
LP002634,"('LP002634',",IP43510,"LP43510',",13262,"13262,",0,"0,",Urban,"urban',",Y,"Y'),",,,,,,,,,,
LP002637,"('LP002637',",IP43511,"LP43511',",3598,"3598,",1287,"1287,",Rural,"rural',",N,"N'),",,,,,,,,,,
LP002640,"('LP002640',",IP43512,"LP43512',",6065,"6065,",2004,"2004,",Semiurban,"semiurban',",Y,"Y'),",,,,,,,,,,
LP002643,"('LP002643',",IP43513,"LP43513',",3283,"3283,",2035,"2035,",Urban,"urban',",Y,"Y'),",,,,,,,,,,
LP002648,"('LP002648',",IP43514,"LP43514',",2130,"2130,",6666,"6666,",Semiurban,"semiurban',",N,"N'),",,,,,,,,,,
LP002652,"('LP002652',",IP43515,"LP43515',",5815,"5815,",3666,"3666,",Rural,"rural',",N,"N'),",,,,,,,,,,
LP002659,"('LP002659',",IP43516,"LP43516',",3466,"3466,",3428,"3428,",Rural,"rural',",Y,"Y'),",,,,,,,,,,
LP002670,"('LP002670',",IP43517,"LP43517',",2031,"2031,",1632,"1632,",Semiurban,"semiurban',",Y,"Y'),",,,,,,,,,,
LP002682,"('LP002682',",IP43518,"LP43518',",3074,"3074,",1800,"1800,",Semiurban,"semiurban',",N,"N'),",,,,,,,,,,
LP002683,"('LP002683',",IP43519,"LP43519',",4683,"4683,",1915,"1915,",Semiurban,"semiurban',",N,"N'),",,,,,,,,,,
LP002684,"('LP002684',",IP43520,"LP43520',",3400,"3400,",0,"0,",Rural,"rural',",N,"N'),",,,,,,,,,,
LP002689,"('LP002689',",IP43521,"LP43521',",2192,"2192,",1742,"1742,",Semiurban,"semiurban',",Y,"Y'),",,,,,,,,,,
LP002690,"('LP002690',",IP43522,"LP43522',",2500,"2500,",0,"0,",Semiurban,"semiurban',",Y,"Y'),",,,,,,,,,,
LP002692,"('LP002692',",IP43523,"LP43523',",5677,"5677,",1424,"1424,",Rural,"rural',",Y,"Y'),",,,,,,,,,,
LP002693,"('LP002693',",IP43524,"LP43524',",7948,"7948,",7166,"7166,",Rural,"rural',",Y,"Y'),",,,,,,,,,,
LP002697,"('LP002697',",IP43525,"LP43525',",4680,"4680,",2087,"2087,",Semiurban,"semiurban',",N,"N'),",,,,,,,,,,
LP002699,"('LP002699',",IP43526,"LP43526',",17500,"17500,",0,"0,",Rural,"rural',",Y,"Y'),",,,,,,,,,,
LP002705,"('LP002705',",IP43527,"LP43527',",3775,"3775,",0,"0,",Semiurban,"semiurban',",Y,"Y'),",,,,,,,,,,
LP002706,"('LP002706',",IP43528,"LP43528',",5285,"5285,",1430,"1430,",Semiurban,"semiurban',",Y,"Y'),",,,,,,,,,,
LP002714,"('LP002714',",IP43529,"LP43529',",2679,"2679,",1302,"1302,",Semiurban,"semiurban',",Y,"Y'),",,,,,,,,,,
LP002716,"('LP002716',",IP43530,"LP43530',",6783,"6783,",0,"0,",Semiurban,"semiurban',",Y,"Y'),",,,,,,,,,,
LP002717,"('LP002717',",IP43531,"LP43531',",1025,"1025,",5500,"5500,",Rural,"rural',",Y,"Y'),",,,,,,,,,,
LP002720,"('LP002720',",IP43532,"LP43532',",4281,"4281,",0,"0,",Urban,"urban',",Y,"Y'),",,,,,,,,,,
LP002723,"('LP002723',",IP43533,"LP43533',",3588,"3588,",0,"0,",Rural,"rural',",N,"N'),",,,,,,,,,,
LP002729,"('LP002729',",IP43534,"LP43534',",11250,"11250,",0,"0,",Semiurban,"semiurban',",N,"N'),",,,,,,,,,,
LP002731,"('LP002731',",IP43535,"LP43535',",18165,"18165,",0,"0,",Urban,"urban',",Y,"Y'),",,,,,,,,,,
LP002732,"('LP002732',",IP43536,"LP43536',",2550,"2550,",2042,"2042,",Rural,"rural',",Y,"Y'),",,,,,,,,,,
LP002734,"('LP002734',",IP43537,"LP43537',",6133,"6133,",3906,"3906,",Urban,"urban',",Y,"Y'),",,,,,,,,,,
LP002738,"('LP002738',",IP43538,"LP43538',",3617,"3617,",0,"0,",Semiurban,"semiurban',",Y,"Y'),",,,,,,,,,,
LP002739,"('LP002739',",IP43539,"LP43539',",2917,"2917,",536,"536,",Rural,"rural',",N,"N'),",,,,,,,,,,
LP002740,"('LP002740',",IP43540,"LP43540',",6417,"6417,",0,"0,",Rural,"rural',",Y,"Y'),",,,,,,,,,,
LP002741,"('LP002741',",IP43541,"LP43541',",4608,"4608,",2845,"2845,",Semiurban,"semiurban',",Y,"Y'),",,,,,,,,,,
LP002743,"('LP002743',",IP43542,"LP43542',",2138,"2138,",0,"0,",Semiurban,"semiurban',",N,"N'),",,,,,,,,,,
LP002753,"('LP002753',",IP43543,"LP43543',",3652,"3652,",0,"0,",Semiurban,"semiurban',",Y,"Y'),",,,,,,,,,,
LP002755,"('LP002755',",IP43544,"LP43544',",2239,"2239,",2524,"2524,",Urban,"urban',",Y,"Y'),",,,,,,,,,,
LP002757,"('LP002757',",IP43545,"LP43545',",3017,"3017,",663,"663,",Semiurban,"semiurban',",Y,"Y'),",,,,,,,,,,
LP002767,"('LP002767',",IP43546,"LP43546',",2768,"2768,",1950,"1950,",Rural,"rural',",Y,"Y'),",,,,,,,,,,
LP002768,"('LP002768',",IP43547,"LP43547',",3358,"3358,",0,"0,",Semiurban,"semiurban',",N,"N'),",,,,,,,,,,
LP002772,"('LP002772',",IP43548,"LP43548',",2526,"2526,",1783,"1783,",Rural,"rural',",Y,"Y'),",,,,,,,,,,
LP002776,"('LP002776',",IP43549,"LP43549',",5000,"5000,",0,"0,",Semiurban,"semiurban',",N,"N'),",,,,,,,,,,
LP002777,"('LP002777',",IP43550,"LP43550',",2785,"2785,",2016,"2016,",Rural,"rural',",Y,"Y'),",,,,,,,,,,
LP002778,"('LP002778',",IP43551,"LP43551',",6633,"6633,",0,"0,",Rural,"rural',",N,"N'),",,,,,,,,,,
LP002784,"('LP002784',",IP43552,"LP43552',",2492,"2492,",2375,"2375,",Rural,"rural',",Y,"Y'),",,,,,,,,,,
LP002785,"('LP002785',",IP43553,"LP43553',",3333,"3333,",3250,"3250,",Urban,"urban',",Y,"Y'),",,,,,,,,,,
LP002788,"('LP002788',",IP43554,"LP43554',",2454,"2454,",2333,"2333,",Urban,"urban',",N,"N'),",,,,,,,,,,
LP002789,"('LP002789',",IP43555,"LP43555',",3593,"3593,",4266,"4266,",Rural,"rural',",N,"N'),",,,,,,,,,,
LP002792,"('LP002792',",IP43556,"LP43556',",5468,"5468,",1032,"1032,",Semiurban,"semiurban',",Y,"Y'),",,,,,,,,,,
LP002794,"('LP002794',",IP43557,"LP43557',",2667,"2667,",1625,"1625,",Urban,"urban',",Y,"Y'),",,,,,,,,,,
LP002795,"('LP002795',",IP43558,"LP43558',",10139,"10139,",0,"0,",Semiurban,"semiurban',",Y,"Y'),",,,,,,,,,,
LP002798,"('LP002798',",IP43559,"LP43559',",3887,"3887,",2669,"2669,",Semiurban,"semiurban',",Y,"Y'),",,,,,,,,,,
LP002804,"('LP002804',",IP43560,"LP43560',",4180,"4180,",2306,"2306,",Semiurban,"semiurban',",Y,"Y'),",,,,,,,,,,
LP002807,"('LP002807',",IP43561,"LP43561',",3675,"3675,",242,"242,",Semiurban,"semiurban',",Y,"Y'),",,,,,,,,,,
LP002813,"('LP002813',",IP43562,"LP43562',",19484,"19484,",0,"0,",Semiurban,"semiurban',",Y,"Y'),",,,,,,,,,,
LP002820,"('LP002820',",IP43563,"LP43563',",5923,"5923,",2054,"2054,",Rural,"rural',",Y,"Y'),",,,,,,,,,,
LP002821,"('LP002821',",IP43564,"LP43564',",5800,"5800,",0,"0,",Semiurban,"semiurban',",Y,"Y'),",,,,,,,,,,
LP002832,"('LP002832',",IP43565,"LP43565',",8799,"8799,",0,"0,",Urban,"urban',",N,"N'),",,,,,,,,,,
LP002833,"('LP002833',",IP43566,"LP43566',",4467,"4467,",0,"0,",Rural,"rural',",Y,"Y'),",,,,,,,,,,
LP002836,"('LP002836',",IP43567,"LP43567',",3333,"3333,",0,"0,",Urban,"urban',",Y,"Y'),",,,,,,,,,,
LP002837,"('LP002837',",IP43568,"LP43568',",3400,"3400,",2500,"2500,",Rural,"rural',",N,"N'),",,,,,,,,,,
LP002840,"('LP002840',",IP43569,"LP43569',",2378,"2378,",0,"0,",Urban,"urban',",N,"N'),",,,,,,,,,,
LP002841,"('LP002841',",IP43570,"LP43570',",3166,"3166,",2064,"2064,",Urban,"urban',",N,"N'),",,,,,,,,,,
LP002842,"('LP002842',",IP43571,"LP43571',",3417,"3417,",1750,"1750,",Urban,"urban',",Y,"Y'),",,,,,,,,,,
LP002847,"('LP002847',",IP43572,"LP43572',",5116,"5116,",1451,"1451,",Urban,"urban',",N,"N'),",,,,,,,,,,
LP002855,"('LP002855',",IP43573,"LP43573',",16666,"16666,",0,"0,",Urban,"urban',",Y,"Y'),",,,,,,,,,,
LP002862,"('LP002862',",IP43574,"LP43574',",6125,"6125,",1625,"1625,",Semiurban,"semiurban',",N,"N'),",,,,,,,,,,
LP002863,"('LP002863',",IP43575,"LP43575',",6406,"6406,",0,"0,",Semiurban,"semiurban',",N,"N'),",,,,,,,,,,
LP002868,"('LP002868',",IP43576,"LP43576',",3159,"3159,",461,"461,",Urban,"urban',",Y,"Y'),",,,,,,,,,,
LP002872,"('LP002872',",IP43577,"LP43577',",3087,"3087,",2210,"2210,",Semiurban,"semiurban',",N,"N'),",,,,,,,,,,
LP002874,"('LP002874',",IP43578,"LP43578',",3229,"3229,",2739,"2739,",Urban,"urban',",Y,"Y'),",,,,,,,,,,
LP002877,"('LP002877',",IP43579,"LP43579',",1782,"1782,",2232,"2232,",Rural,"rural',",Y,"Y'),",,,,,,,,,,
LP002888,"('LP002888',",IP43580,"LP43580',",3182,"3182,",2917,"2917,",Urban,"urban',",Y,"Y'),",,,,,,,,,,
LP002892,"('LP002892',",IP43581,"LP43581',",6540,"6540,",0,"0,",Semiurban,"semiurban',",Y,"Y'),",,,,,,,,,,
LP002893,"('LP002893',",IP43582,"LP43582',",1836,"1836,",33837,"33837,",Urban,"urban',",N,"N'),",,,,,,,,,,
LP002894,"('LP002894',",IP43583,"LP43583',",3166,"3166,",0,"0,",Semiurban,"semiurban',",Y,"Y'),",,,,,,,,,,
LP002898,"('LP002898',",IP43584,"LP43584',",1880,"1880,",0,"0,",Rural,"rural',",N,"N'),",,,,,,,,,,
LP002911,"('LP002911',",IP43585,"LP43585',",2787,"2787,",1917,"1917,",Rural,"rural',",N,"N'),",,,,,,,,,,
LP002912,"('LP002912',",IP43586,"LP43586',",4283,"4283,",3000,"3000,",Rural,"rural',",N,"N'),",,,,,,,,,,
LP002916,"('LP002916',",IP43587,"LP43587',",2297,"2297,",1522,"1522,",Urban,"urban',",Y,"Y'),",,,,,,,,,,
LP002917,"('LP002917',",IP43588,"LP43588',",2165,"2165,",0,"0,",Semiurban,"semiurban',",Y,"Y'),",,,,,,,,,,
LP002925,"('LP002925',",IP43589,"LP43589',",4750,"4750,",0,"0,",Semiurban,"semiurban',",Y,"Y'),",,,,,,,,,,
LP002926,"('LP002926',",IP43590,"LP43590',",2726,"2726,",0,"0,",Semiurban,"semiurban',",N,"N'),",,,,,,,,,,
LP002928,"('LP002928',",IP43591,"LP43591',",3000,"3000,",3416,"3416,",Semiurban,"semiurban',",Y,"Y'),",,,,,,,,,,
LP002931,"('LP002931',",IP43592,"LP43592',",6000,"6000,",0,"0,",Semiurban,"semiurban',",N,"N'),",,,,,,,,,,
LP002933,"('LP002933',",IP43593,"LP43593',",9357,"9357,",0,"0,",Semiurban,"semiurban',",Y,"Y'),",,,,,,,,,,
LP002936,"('LP002936',",IP43594,"LP43594',",3859,"3859,",3300,"3300,",Rural,"rural',",Y,"Y'),",,,,,,,,,,
LP002938,"('LP002938',",IP43595,"LP43595',",16120,"16120,",0,"0,",Urban,"urban',",Y,"Y'),",,,,,,,,,,
LP002940,"('LP002940',",IP43596,"LP43596',",3833,"3833,",0,"0,",Rural,"rural',",Y,"Y'),",,,,,,,,,,
LP002941,"('LP002941',",IP43597,"LP43597',",6383,"6383,",1000,"1000,",Rural,"rural',",N,"N'),",,,,,,,,,,
LP002943,"('LP002943',",IP43598,"LP43598',",2987,"2987,",0,"0,",Semiurban,"semiurban',",N,"N'),",,,,,,,,,,
LP002945,"('LP002945',",IP43599,"LP43599',",9963,"9963,",0,"0,",Rural,"rural',",Y,"Y'),",,,,,,,,,,
LP002948,"('LP002948',",IP43600,"LP43600',",5780,"5780,",0,"0,",Urban,"urban',",Y,"Y'),",,,,,,,,,,
LP002949,"('LP002949',",IP43601,"LP43601',",416,"416,",41667,"41667,",Urban,"urban',",N,"N'),",,,,,,,,,,
LP002950,"('LP002950',",IP43602,"LP43602',",2894,"2894,",2792,"2792,",Rural,"rural',",Y,"Y'),",,,,,,,,,,
LP002953,"('LP002953',",IP43603,"LP43603',",5703,"5703,",0,"0,",Urban,"urban',",Y,"Y'),",,,,,,,,,,
LP002958,"('LP002958',",IP43604,"LP43604',",3676,"3676,",4301,"4301,",Rural,"rural',",Y,"Y'),",,,,,,,,,,
LP002959,"('LP002959',",IP43605,"LP43605',",12000,"12000,",0,"0,",Semiurban,"semiurban',",Y,"Y'),",,,,,,,,,,
LP002960,"('LP002960',",IP43606,"LP43606',",2400,"2400,",3800,"3800,",Urban,"urban',",N,"N'),",,,,,,,,,,
LP002961,"('LP002961',",IP43607,"LP43607',",3400,"3400,",2500,"2500,",Semiurban,"semiurban',",Y,"Y'),",,,,,,,,,,
LP002964,"('LP002964',",IP43608,"LP43608',",3987,"3987,",1411,"1411,",Rural,"rural',",Y,"Y'),",,,,,,,,,,
LP002974,"('LP002974',",IP43609,"LP43609',",3232,"3232,",1950,"1950,",Rural,"rural',",Y,"Y'),",,,,,,,,,,
LP002978,"('LP002978',",IP43610,"LP43610',",2900,"2900,",0,"0,",Rural,"rural',",Y,"Y'),",,,,,,,,,,
LP002979,"('LP002979',",IP43611,"LP43611',",4106,"4106,",0,"0,",Rural,"rural',",Y,"Y'),",,,,,,,,,,
LP002983,"('LP002983',",IP43612,"LP43612',",8072,"8072,",240,"240,",Urban,"urban',",Y,"Y'),",,,,,,,,,,
LP002984,"('LP002984',",IP43613,"LP43613',",7583,"7583,",0,"0,",Urban,"urban',",Y,"Y'),",,,,,,,,,,
LP002990,"('LP002990',",IP43614,"LP43614',",4583,"4583,",0,"0,",Semiurban,"semiurban',",N,"N'),",,,,,,,,,,
