Loan_ID,,Customer_id,, LoanAmount ,,Loan_Amount_Term,,Cibil Score,,,,,,,,,,,,Remarks Criteria
LP001002,"(LP001002,",IP43001,"IP43001,",Null,"Null,",360,"360,",303,"303),",,,,Remarks Updating Details,,,,,,,Cibil_score > 900  High_Cibil_Score
LP001003,"(LP001003,",IP43002,"IP43002,",128,"128,",360,"360,",920,"920),",,,,Loan_id,Loan_amount,Cibil_Score,Cibil_Score_status,,,,Cibil_Score >750  NO_Penalty
LP001005,"(LP001005,",IP43003,"IP43003,",66,"66,",360,"360,",606,"606),",,,,,,,,,,,Cibil_Score >250 Penalty customers
LP001006,"(LP001006,",IP43004,"IP43004,",120,"120,",360,"360,",851,"851),",,,,,,,,,,,Cibil_Score <=0 Reject Customers (Loan cannot apply)
LP001008,"(LP001008,",IP43005,"IP43005,",141,"141,",360,"360,",420,"420),",,,,,,,,,,,
LP001011,"(LP001011,",IP43006,"IP43006,",267,"267,",360,"360,",173,"173),",,,,,,,,,,,
LP001013,"(LP001013,",IP43007,"IP43007,",95,"95,",360,"360,",650,"650),",,,,,,,,,,,
LP001014,"(LP001014,",IP43008,"IP43008,",158,"158,",360,"360,",471,"471),",,,,,,,,,,,
LP001018,"(LP001018,",IP43009,"IP43009,",168,"168,",360,"360,",863,"863),",,,,,,,,,,,
LP001020,"(LP001020,",IP43010,"IP43010,",349,"349,",360,"360,",730,"730),",,,,,,,,,,,
LP001024,"(LP001024,",IP43011,"IP43011,",70,"70,",360,"360,",143,"143),",,,,,,,,,,,
LP001027,"(LP001027,",IP43012,"IP43012,",109,"109,",360,"360,",384,"384),",,,,,,,,,,,
LP001028,"(LP001028,",IP43013,"IP43013,",200,"200,",360,"360,",928,"928),",,,,,,,,,,,
LP001029,"(LP001029,",IP43014,"IP43014,",114,"114,",360,"360,",455,"455),",,,,,,,,,,,
LP001030,"(LP001030,",IP43015,"IP43015,",17,"17,",120,"120,",564,"564),",,,,,,,,,,,
LP001032,"(LP001032,",IP43016,"IP43016,",125,"125,",360,"360,",477,"477),",,,,,Loan Amount,,,,,,
LP001034,"(LP001034,",IP43017,"IP43017,",100,"100,",240,"240,",888,"888),",,,,,Null,Loan Still Processing,,,,,
LP001036,"(LP001036,",IP43018,"IP43018,",76,"76,",360,"360,",387,"387),",,,,,,,,,,,
LP001038,"(LP001038,",IP43019,"IP43019,",133,"133,",360,"360,",371,"371),",,,,,,,,,,,
LP001041,"(LP001041,",IP43020,"IP43020,",115,"115,",0,"0,",537,"537),",,,,,,,,,,,
LP001043,"(LP001043,",IP43021,"IP43021,",104,"104,",360,"360,",534,"534),",,,,,,,,,,,
LP001046,"(LP001046,",IP43022,"IP43022,",315,"315,",360,"360,",903,"903),",,,,,,,,,,,
LP001047,"(LP001047,",IP43023,"IP43023,",116,"116,",360,"360,",615,"615),",,,,,,,,,,,
LP001050,"(LP001050,",IP43024,"IP43024,",112,"112,",360,"360,",593,"593),",,,,,,,,,,,
LP001052,"(LP001052,",IP43025,"IP43025,",151,"151,",360,"360,",79,"79),",,,,,,,,,,,
LP001066,"(LP001066,",IP43026,"IP43026,",191,"191,",360,"360,",293,"293),",,,,,,,,,,,
LP001068,"(LP001068,",IP43027,"IP43027,",122,"122,",360,"360,",999,"999),",,,,,,,,,,,
LP001073,"(LP001073,",IP43028,"IP43028,",110,"110,",360,"360,",781,"781),",,,,,,,,,,,
LP001086,"(LP001086,",IP43029,"IP43029,",35,"35,",360,"360,",521,"521),",,,,,,,,,,,
LP001087,"(LP001087,",IP43030,"IP43030,",120,"120,",360,"360,",620,"620),",,,,,,,,,,,
LP001091,"(LP001091,",IP43031,"IP43031,",201,"201,",360,"360,",972,"972),",,,,,,,,,,,
LP001095,"(LP001095,",IP43032,"IP43032,",74,"74,",360,"360,",425,"425),",,,,,,,,,,,
LP001097,"(LP001097,",IP43033,"IP43033,",106,"106,",360,"360,",420,"420),",,,,,,,,,,,
LP001098,"(LP001098,",IP43034,"IP43034,",114,"114,",360,"360,",667,"667),",,,,,,,,,,,
LP001100,"(LP001100,",IP43035,"IP43035,",320,"320,",360,"360,",889,"889),",,,,,,,,,,,
LP001106,"(LP001106,",IP43036,"IP43036,",Null,"Null,",360,"360,",460,"460),",,,,,,,,,,,
LP001109,"(LP001109,",IP43037,"IP43037,",100,"100,",0,"0,",413,"413),",,,,,,,,,,,
LP001112,"(LP001112,",IP43038,"IP43038,",144,"144,",360,"360,",139,"139),",,,,,,,,,,,
LP001114,"(LP001114,",IP43039,"IP43039,",184,"184,",360,"360,",812,"812),",,,,,,,,,,,
LP001116,"(LP001116,",IP43040,"IP43040,",110,"110,",360,"360,",71,"71),",,,,,,,,,,,
LP001119,"(LP001119,",IP43041,"IP43041,",80,"80,",360,"360,",374,"374),",,,,,,,,,,,
LP001120,"(LP001120,",IP43042,"IP43042,",47,"47,",360,"360,",472,"472),",,,,,,,,,,,
LP001123,"(LP001123,",IP43043,"IP43043,",75,"75,",360,"360,",881,"881),",,,,,,,,,,,
LP001131,"(LP001131,",IP43044,"IP43044,",134,"134,",360,"360,",80,"80),",,,,,,,,,,,
LP001136,"(LP001136,",IP43045,"IP43045,",96,"96,",0,"0,",760,"760),",,,,,,,,,,,
LP001137,"(LP001137,",IP43046,"IP43046,",88,"88,",0,"0,",495,"495),",,,,,,,,,,,
LP001138,"(LP001138,",IP43047,"IP43047,",44,"44,",360,"360,",197,"197),",,,,,,,,,,,
LP001144,"(LP001144,",IP43048,"IP43048,",144,"144,",360,"360,",151,"151),",,,,,,,,,,,
LP001146,"(LP001146,",IP43049,"IP43049,",120,"120,",360,"360,",733,"733),",,,,,,,,,,,
LP001151,"(LP001151,",IP43050,"IP43050,",144,"144,",360,"360,",187,"187),",,,,,,,,,,,
LP001155,"(LP001155,",IP43051,"IP43051,",100,"100,",360,"360,",808,"808),",,,,,,,,,,,
LP001157,"(LP001157,",IP43052,"IP43052,",120,"120,",360,"360,",475,"475),",,,,,,,,,,,
LP001164,"(LP001164,",IP43053,"IP43053,",112,"112,",360,"360,",359,"359),",,,,,,,,,,,
LP001179,"(LP001179,",IP43054,"IP43054,",134,"134,",360,"360,",716,"716),",,,,,,,,,,,
LP001186,"(LP001186,",IP43055,"IP43055,",286,"286,",360,"360,",546,"546),",,,,,,,,,,,
LP001194,"(LP001194,",IP43056,"IP43056,",97,"97,",360,"360,",509,"509),",,,,,,,,,,,
LP001195,"(LP001195,",IP43057,"IP43057,",96,"96,",360,"360,",160,"160),",,,,,,,,,,,
LP001197,"(LP001197,",IP43058,"IP43058,",135,"135,",360,"360,",186,"186),",,,,,,,,,,,
LP001198,"(LP001198,",IP43059,"IP43059,",180,"180,",360,"360,",781,"781),",,,,,,,,,,,
LP001199,"(LP001199,",IP43060,"IP43060,",144,"144,",360,"360,",949,"949),",,,,,,,,,,,
LP001205,"(LP001205,",IP43061,"IP43061,",120,"120,",360,"360,",629,"629),",,,,,,,,,,,
LP001206,"(LP001206,",IP43062,"IP43062,",99,"99,",360,"360,",803,"803),",,,,,,,,,,,
LP001207,"(LP001207,",IP43063,"IP43063,",165,"165,",180,"180,",889,"889),",,,,,,,,,,,
LP001213,"(LP001213,",IP43064,"IP43064,",Null,"Null,",360,"360,",291,"291),",,,,,,,,,,,
LP001222,"(LP001222,",IP43065,"IP43065,",116,"116,",360,"360,",924,"924),",,,,,,,,,,,
LP001225,"(LP001225,",IP43066,"IP43066,",258,"258,",360,"360,",261,"261),",,,,,,,,,,,
LP001228,"(LP001228,",IP43067,"IP43067,",126,"126,",180,"180,",339,"339),",,,,,,,,,,,
LP001233,"(LP001233,",IP43068,"IP43068,",312,"312,",360,"360,",551,"551),",,,,,,,,,,,
LP001238,"(LP001238,",IP43069,"IP43069,",125,"125,",60,"60,",227,"227),",,,,,,,,,,,
LP001241,"(LP001241,",IP43070,"IP43070,",136,"136,",360,"360,",827,"827),",,,,,,,,,,,
LP001243,"(LP001243,",IP43071,"IP43071,",172,"172,",360,"360,",240,"240),",,,,,,,,,,,
LP001245,"(LP001245,",IP43072,"IP43072,",97,"97,",360,"360,",245,"245),",,,,,,,,,,,
LP001248,"(LP001248,",IP43073,"IP43073,",81,"81,",300,"300,",252,"252),",,,,,,,,,,,
LP001250,"(LP001250,",IP43074,"IP43074,",95,"95,",0,"0,",594,"594),",,,,,,,,,,,
LP001253,"(LP001253,",IP43075,"IP43075,",187,"187,",360,"360,",520,"520),",,,,,,,,,,,
LP001255,"(LP001255,",IP43076,"IP43076,",113,"113,",480,"480,",74,"74),",,,,,,,,,,,
LP001256,"(LP001256,",IP43077,"IP43077,",176,"176,",360,"360,",492,"492),",,,,,,,,,,,
LP001259,"(LP001259,",IP43078,"IP43078,",110,"110,",360,"360,",399,"399),",,,,,,,,,,,
LP001263,"(LP001263,",IP43079,"IP43079,",180,"180,",300,"300,",342,"342),",,,,,,,,,,,
LP001264,"(LP001264,",IP43080,"IP43080,",130,"130,",360,"360,",951,"951),",,,,,,,,,,,
LP001265,"(LP001265,",IP43081,"IP43081,",111,"111,",360,"360,",431,"431),",,,,,,,,,,,
LP001266,"(LP001266,",IP43082,"IP43082,",Null,"Null,",360,"360,",499,"499),",,,,,,,,,,,
LP001267,"(LP001267,",IP43083,"IP43083,",167,"167,",360,"360,",309,"309),",,,,,,,,,,,
LP001273,"(LP001273,",IP43084,"IP43084,",265,"265,",360,"360,",393,"393),",,,,,,,,,,,
LP001275,"(LP001275,",IP43085,"IP43085,",50,"50,",240,"240,",933,"933),",,,,,,,,,,,
LP001279,"(LP001279,",IP43086,"IP43086,",136,"136,",360,"360,",720,"720),",,,,,,,,,,,
LP001280,"(LP001280,",IP43087,"IP43087,",99,"99,",360,"360,",985,"985),",,,,,,,,,,,
LP001282,"(LP001282,",IP43088,"IP43088,",104,"104,",360,"360,",789,"789),",,,,,,,,,,,
LP001289,"(LP001289,",IP43089,"IP43089,",210,"210,",360,"360,",611,"611),",,,,,,,,,,,
LP001310,"(LP001310,",IP43090,"IP43090,",175,"175,",360,"360,",429,"429),",,,,,,,,,,,
LP001316,"(LP001316,",IP43091,"IP43091,",131,"131,",360,"360,",497,"497),",,,,,,,,,,,
LP001318,"(LP001318,",IP43092,"IP43092,",188,"188,",180,"180,",71,"71),",,,,,,,,,,,
LP001319,"(LP001319,",IP43093,"IP43093,",81,"81,",360,"360,",225,"225),",,,,,,,,,,,
LP001322,"(LP001322,",IP43094,"IP43094,",122,"122,",360,"360,",148,"148),",,,,,,,,,,,
LP001325,"(LP001325,",IP43095,"IP43095,",25,"25,",120,"120,",680,"680),",,,,,,,,,,,
LP001326,"(LP001326,",IP43096,"IP43096,",Null,"Null,",360,"360,",394,"394),",,,,,,,,,,,
LP001327,"(LP001327,",IP43097,"IP43097,",137,"137,",360,"360,",558,"558),",,,,,,,,,,,
LP001333,"(LP001333,",IP43098,"IP43098,",50,"50,",360,"360,",994,"994),",,,,,,,,,,,
LP001334,"(LP001334,",IP43099,"IP43099,",115,"115,",180,"180,",632,"632),",,,,,,,,,,,
LP001343,"(LP001343,",IP43100,"IP43100,",131,"131,",360,"360,",213,"213),",,,,,,,,,,,
LP001345,"(LP001345,",IP43101,"IP43101,",133,"133,",180,"180,",759,"759),",,,,,,,,,,,
LP001349,"(LP001349,",IP43102,"IP43102,",151,"151,",360,"360,",263,"263),",,,,,,,,,,,
LP001350,"(LP001350,",IP43103,"IP43103,",Null,"Null,",360,"360,",722,"722),",,,,,,,,,,,
LP001356,"(LP001356,",IP43104,"IP43104,",Null,"Null,",360,"360,",142,"142),",,,,,,,,,,,
LP001357,"(LP001357,",IP43105,"IP43105,",160,"160,",360,"360,",200,"200),",,,,,,,,,,,
LP001367,"(LP001367,",IP43106,"IP43106,",100,"100,",360,"360,",157,"157),",,,,,,,,,,,
LP001369,"(LP001369,",IP43107,"IP43107,",225,"225,",360,"360,",636,"636),",,,,,,,,,,,
LP001370,"(LP001370,",IP43108,"IP43108,",120,"120,",360,"360,",550,"550),",,,,,,,,,,,
LP001379,"(LP001379,",IP43109,"IP43109,",216,"216,",360,"360,",231,"231),",,,,,,,,,,,
LP001384,"(LP001384,",IP43110,"IP43110,",94,"94,",480,"480,",336,"336),",,,,,,,,,,,
LP001385,"(LP001385,",IP43111,"IP43111,",136,"136,",360,"360,",555,"555),",,,,,,,,,,,
LP001387,"(LP001387,",IP43112,"IP43112,",139,"139,",360,"360,",680,"680),",,,,,,,,,,,
LP001391,"(LP001391,",IP43113,"IP43113,",152,"152,",0,"0,",140,"140),",,,,,,,,,,,
LP001392,"(LP001392,",IP43114,"IP43114,",Null,"Null,",360,"360,",979,"979),",,,,,,,,,,,
LP001398,"(LP001398,",IP43115,"IP43115,",118,"118,",360,"360,",278,"278),",,,,,,,,,,,
LP001401,"(LP001401,",IP43116,"IP43116,",185,"185,",180,"180,",478,"478),",,,,,,,,,,,
LP001404,"(LP001404,",IP43117,"IP43117,",154,"154,",360,"360,",919,"919),",,,,,,,,,,,
LP001405,"(LP001405,",IP43118,"IP43118,",85,"85,",360,"360,",570,"570),",,,,,,,,,,,
LP001421,"(LP001421,",IP43119,"IP43119,",175,"175,",360,"360,",375,"375),",,,,,,,,,,,
LP001422,"(LP001422,",IP43120,"IP43120,",259,"259,",360,"360,",997,"997),",,,,,,,,,,,
LP001426,"(LP001426,",IP43121,"IP43121,",180,"180,",360,"360,",731,"731),",,,,,,,,,,,
LP001430,"(LP001430,",IP43122,"IP43122,",44,"44,",360,"360,",483,"483),",,,,,,,,,,,
LP001431,"(LP001431,",IP43123,"IP43123,",137,"137,",360,"360,",877,"877),",,,,,,,,,,,
LP001432,"(LP001432,",IP43124,"IP43124,",81,"81,",360,"360,",815,"815),",,,,,,,,,,,
LP001439,"(LP001439,",IP43125,"IP43125,",194,"194,",360,"360,",213,"213),",,,,,,,,,,,
LP001443,"(LP001443,",IP43126,"IP43126,",93,"93,",360,"360,",403,"403),",,,,,,,,,,,
LP001448,"(LP001448,",IP43127,"IP43127,",370,"370,",360,"360,",249,"249),",,,,,,,,,,,
LP001449,"(LP001449,",IP43128,"IP43128,",Null,"Null,",360,"360,",261,"261),",,,,,,,,,,,
LP001451,"(LP001451,",IP43129,"IP43129,",160,"160,",180,"180,",929,"929),",,,,,,,,,,,
LP001465,"(LP001465,",IP43130,"IP43130,",182,"182,",360,"360,",454,"454),",,,,,,,,,,,
LP001469,"(LP001469,",IP43131,"IP43131,",650,"650,",480,"480,",840,"840),",,,,,,,,,,,
LP001473,"(LP001473,",IP43132,"IP43132,",74,"74,",360,"360,",208,"208),",,,,,,,,,,,
LP001478,"(LP001478,",IP43133,"IP43133,",70,"70,",360,"360,",353,"353),",,,,,,,,,,,
LP001482,"(LP001482,",IP43134,"IP43134,",25,"25,",120,"120,",926,"926),",,,,,,,,,,,
LP001487,"(LP001487,",IP43135,"IP43135,",102,"102,",360,"360,",688,"688),",,,,,,,,,,,
LP001488,"(LP001488,",IP43136,"IP43136,",290,"290,",360,"360,",433,"433),",,,,,,,,,,,
LP001489,"(LP001489,",IP43137,"IP43137,",84,"84,",360,"360,",113,"113),",,,,,,,,,,,
LP001491,"(LP001491,",IP43138,"IP43138,",88,"88,",360,"360,",129,"129),",,,,,,,,,,,
LP001492,"(LP001492,",IP43139,"IP43139,",242,"242,",360,"360,",663,"663),",,,,,,,,,,,
LP001493,"(LP001493,",IP43140,"IP43140,",129,"129,",360,"360,",684,"684),",,,,,,,,,,,
LP001497,"(LP001497,",IP43141,"IP43141,",185,"185,",360,"360,",266,"266),",,,,,,,,,,,
LP001498,"(LP001498,",IP43142,"IP43142,",168,"168,",360,"360,",883,"883),",,,,,,,,,,,
LP001504,"(LP001504,",IP43143,"IP43143,",175,"175,",180,"180,",465,"465),",,,,,,,,,,,
LP001507,"(LP001507,",IP43144,"IP43144,",122,"122,",360,"360,",291,"291),",,,,,,,,,,,
LP001508,"(LP001508,",IP43145,"IP43145,",187,"187,",180,"180,",227,"227),",,,,,,,,,,,
LP001514,"(LP001514,",IP43146,"IP43146,",100,"100,",360,"360,",923,"923),",,,,,,,,,,,
LP001516,"(LP001516,",IP43147,"IP43147,",70,"70,",360,"360,",129,"129),",,,,,,,,,,,
LP001518,"(LP001518,",IP43148,"IP43148,",30,"30,",360,"360,",142,"142),",,,,,,,,,,,
LP001519,"(LP001519,",IP43149,"IP43149,",225,"225,",360,"360,",871,"871),",,,,,,,,,,,
LP001520,"(LP001520,",IP43150,"IP43150,",125,"125,",360,"360,",193,"193),",,,,,,,,,,,
LP001528,"(LP001528,",IP43151,"IP43151,",118,"118,",360,"360,",367,"367),",,,,,,,,,,,
LP001529,"(LP001529,",IP43152,"IP43152,",152,"152,",360,"360,",888,"888),",,,,,,,,,,,
LP001531,"(LP001531,",IP43153,"IP43153,",244,"244,",360,"360,",484,"484),",,,,,,,,,,,
LP001532,"(LP001532,",IP43154,"IP43154,",113,"113,",360,"360,",390,"390),",,,,,,,,,,,
LP001535,"(LP001535,",IP43155,"IP43155,",50,"50,",360,"360,",940,"940),",,,,,,,,,,,
LP001536,"(LP001536,",IP43156,"IP43156,",600,"600,",180,"180,",738,"738),",,,,,,,,,,,
LP001541,"(LP001541,",IP43157,"IP43157,",160,"160,",360,"360,",164,"164),",,,,,,,,,,,
LP001543,"(LP001543,",IP43158,"IP43158,",187,"187,",360,"360,",483,"483),",,,,,,,,,,,
LP001546,"(LP001546,",IP43159,"IP43159,",120,"120,",360,"360,",424,"424),",,,,,,,,,,,
LP001552,"(LP001552,",IP43160,"IP43160,",255,"255,",360,"360,",934,"934),",,,,,,,,,,,
LP001560,"(LP001560,",IP43161,"IP43161,",98,"98,",360,"360,",805,"805),",,,,,,,,,,,
LP001562,"(LP001562,",IP43162,"IP43162,",275,"275,",360,"360,",538,"538),",,,,,,,,,,,
LP001565,"(LP001565,",IP43163,"IP43163,",400,"400,",360,"360,",0,"0),",,,,,,,,,,,
LP001570,"(LP001570,",IP43164,"IP43164,",158,"158,",360,"360,",82,"82),",,,,,,,,,,,
LP001572,"(LP001572,",IP43165,"IP43165,",75,"75,",180,"180,",227,"227),",,,,,,,,,,,
LP001574,"(LP001574,",IP43166,"IP43166,",182,"182,",0,"0,",471,"471),",,,,,,,,,,,
LP001577,"(LP001577,",IP43167,"IP43167,",112,"112,",360,"360,",330,"330),",,,,,,,,,,,
LP001578,"(LP001578,",IP43168,"IP43168,",129,"129,",360,"360,",61,"61),",,,,,,,,,,,
LP001579,"(LP001579,",IP43169,"IP43169,",63,"63,",480,"480,",780,"780),",,,,,,,,,,,
LP001580,"(LP001580,",IP43170,"IP43170,",200,"200,",360,"360,",576,"576),",,,,,,,,,,,
LP001581,"(LP001581,",IP43171,"IP43171,",95,"95,",360,"360,",258,"258),",,,,,,,,,,,
LP001585,"(LP001585,",IP43172,"IP43172,",700,"700,",300,"300,",709,"709),",,,,,,,,,,,
LP001586,"(LP001586,",IP43173,"IP43173,",81,"81,",180,"180,",662,"662),",,,,,,,,,,,
LP001594,"(LP001594,",IP43174,"IP43174,",187,"187,",360,"360,",371,"371),",,,,,,,,,,,
LP001603,"(LP001603,",IP43175,"IP43175,",87,"87,",360,"360,",710,"710),",,,,,,,,,,,
LP001606,"(LP001606,",IP43176,"IP43176,",116,"116,",360,"360,",606,"606),",,,,,,,,,,,
LP001608,"(LP001608,",IP43177,"IP43177,",101,"101,",360,"360,",789,"789),",,,,,,,,,,,
LP001610,"(LP001610,",IP43178,"IP43178,",495,"495,",360,"360,",793,"793),",,,,,,,,,,,
LP001616,"(LP001616,",IP43179,"IP43179,",116,"116,",360,"360,",473,"473),",,,,,,,,,,,
LP001630,"(LP001630,",IP43180,"IP43180,",102,"102,",480,"480,",440,"440),",,,,,,,,,,,
LP001633,"(LP001633,",IP43181,"IP43181,",180,"180,",360,"360,",283,"283),",,,,,,,,,,,
LP001634,"(LP001634,",IP43182,"IP43182,",320,"320,",360,"360,",0,"0),",,,,,,,,,,,
LP001636,"(LP001636,",IP43183,"IP43183,",73,"73,",180,"180,",433,"433),",,,,,,,,,,,
LP001637,"(LP001637,",IP43184,"IP43184,",260,"260,",360,"360,",660,"660),",,,,,,,,,,,
LP001639,"(LP001639,",IP43185,"IP43185,",108,"108,",360,"360,",395,"395),",,,,,,,,,,,
LP001640,"(LP001640,",IP43186,"IP43186,",120,"120,",360,"360,",72,"72),",,,,,,,,,,,
LP001641,"(LP001641,",IP43187,"IP43187,",66,"66,",300,"300,",794,"794),",,,,,,,,,,,
LP001643,"(LP001643,",IP43188,"IP43188,",58,"58,",360,"360,",902,"902),",,,,,,,,,,,
LP001644,"(LP001644,",IP43189,"IP43189,",168,"168,",360,"360,",582,"582),",,,,,,,,,,,
LP001647,"(LP001647,",IP43190,"IP43190,",188,"188,",180,"180,",264,"264),",,,,,,,,,,,
LP001653,"(LP001653,",IP43191,"IP43191,",48,"48,",360,"360,",700,"700),",,,,,,,,,,,
LP001656,"(LP001656,",IP43192,"IP43192,",164,"164,",360,"360,",513,"513),",,,,,,,,,,,
LP001657,"(LP001657,",IP43193,"IP43193,",160,"160,",360,"360,",153,"153),",,,,,,,,,,,
LP001658,"(LP001658,",IP43194,"IP43194,",76,"76,",360,"360,",500,"500),",,,,,,,,,,,
LP001664,"(LP001664,",IP43195,"IP43195,",120,"120,",360,"360,",114,"114),",,,,,,,,,,,
LP001665,"(LP001665,",IP43196,"IP43196,",170,"170,",360,"360,",932,"932),",,,,,,,,,,,
LP001666,"(LP001666,",IP43197,"IP43197,",187,"187,",360,"360,",537,"537),",,,,,,,,,,,
LP001669,"(LP001669,",IP43198,"IP43198,",120,"120,",0,"0,",520,"520),",,,,,,,,,,,
LP001671,"(LP001671,",IP43199,"IP43199,",113,"113,",360,"360,",315,"315),",,,,,,,,,,,
LP001673,"(LP001673,",IP43200,"IP43200,",83,"83,",360,"360,",507,"507),",,,,,,,,,,,
LP001674,"(LP001674,",IP43201,"IP43201,",90,"90,",360,"360,",420,"420),",,,,,,,,,,,
LP001677,"(LP001677,",IP43202,"IP43202,",166,"166,",360,"360,",289,"289),",,,,,,,,,,,
LP001682,"(LP001682,",IP43203,"IP43203,",Null,"Null,",180,"180,",613,"613),",,,,,,,,,,,
LP001688,"(LP001688,",IP43204,"IP43204,",135,"135,",360,"360,",947,"947),",,,,,,,,,,,
LP001691,"(LP001691,",IP43205,"IP43205,",124,"124,",360,"360,",642,"642),",,,,,,,,,,,
LP001692,"(LP001692,",IP43206,"IP43206,",120,"120,",360,"360,",638,"638),",,,,,,,,,,,
LP001693,"(LP001693,",IP43207,"IP43207,",80,"80,",360,"360,",303,"303),",,,,,,,,,,,
LP001698,"(LP001698,",IP43208,"IP43208,",55,"55,",360,"360,",816,"816),",,,,,,,,,,,
LP001699,"(LP001699,",IP43209,"IP43209,",59,"59,",360,"360,",873,"873),",,,,,,,,,,,
LP001702,"(LP001702,",IP43210,"IP43210,",127,"127,",360,"360,",80,"80),",,,,,,,,,,,
LP001708,"(LP001708,",IP43211,"IP43211,",214,"214,",360,"360,",814,"814),",,,,,,,,,,,
LP001711,"(LP001711,",IP43212,"IP43212,",128,"128,",360,"360,",981,"981),",,,,,,,,,,,
LP001713,"(LP001713,",IP43213,"IP43213,",240,"240,",360,"360,",728,"728),",,,,,,,,,,,
LP001715,"(LP001715,",IP43214,"IP43214,",130,"130,",360,"360,",738,"738),",,,,,,,,,,,
LP001716,"(LP001716,",IP43215,"IP43215,",137,"137,",360,"360,",145,"145),",,,,,,,,,,,
LP001720,"(LP001720,",IP43216,"IP43216,",100,"100,",360,"360,",753,"753),",,,,,,,,,,,
LP001722,"(LP001722,",IP43217,"IP43217,",135,"135,",360,"360,",249,"249),",,,,,,,,,,,
LP001726,"(LP001726,",IP43218,"IP43218,",131,"131,",360,"360,",237,"237),",,,,,,,,,,,
LP001732,"(LP001732,",IP43219,"IP43219,",72,"72,",360,"360,",854,"854),",,,,,,,,,,,
LP001734,"(LP001734,",IP43220,"IP43220,",127,"127,",360,"360,",751,"751),",,,,,,,,,,,
LP001736,"(LP001736,",IP43221,"IP43221,",60,"60,",360,"360,",897,"897),",,,,,,,,,,,
LP001743,"(LP001743,",IP43222,"IP43222,",116,"116,",360,"360,",805,"805),",,,,,,,,,,,
LP001744,"(LP001744,",IP43223,"IP43223,",144,"144,",360,"360,",637,"637),",,,,,,,,,,,
LP001749,"(LP001749,",IP43224,"IP43224,",175,"175,",0,"0,",56,"56),",,,,,,,,,,,
LP001750,"(LP001750,",IP43225,"IP43225,",128,"128,",360,"360,",312,"312),",,,,,,,,,,,
LP001751,"(LP001751,",IP43226,"IP43226,",170,"170,",360,"360,",931,"931),",,,,,,,,,,,
LP001754,"(LP001754,",IP43227,"IP43227,",138,"138,",360,"360,",662,"662),",,,,,,,,,,,
LP001758,"(LP001758,",IP43228,"IP43228,",210,"210,",360,"360,",63,"63),",,,,,,,,,,,
LP001760,"(LP001760,",IP43229,"IP43229,",158,"158,",480,"480,",108,"108),",,,,,,,,,,,
LP001761,"(LP001761,",IP43230,"IP43230,",200,"200,",360,"360,",982,"982),",,,,,,,,,,,
LP001765,"(LP001765,",IP43231,"IP43231,",190,"190,",360,"360,",0,"0),",,,,,,,,,,,
LP001768,"(LP001768,",IP43232,"IP43232,",42,"42,",180,"180,",414,"414),",,,,,,,,,,,
LP001770,"(LP001770,",IP43233,"IP43233,",120,"120,",0,"0,",575,"575),",,,,,,,,,,,
LP001776,"(LP001776,",IP43234,"IP43234,",280,"280,",360,"360,",667,"667),",,,,,,,,,,,
LP001778,"(LP001778,",IP43235,"IP43235,",140,"140,",360,"360,",171,"171),",,,,,,,,,,,
LP001784,"(LP001784,",IP43236,"IP43236,",170,"170,",360,"360,",819,"819),",,,,,,,,,,,
LP001786,"(LP001786,",IP43237,"IP43237,",255,"255,",360,"360,",392,"392),",,,,,,,,,,,
LP001788,"(LP001788,",IP43238,"IP43238,",122,"122,",360,"360,",129,"129),",,,,,,,,,,,
LP001790,"(LP001790,",IP43239,"IP43239,",112,"112,",360,"360,",886,"886),",,,,,,,,,,,
LP001792,"(LP001792,",IP43240,"IP43240,",96,"96,",360,"360,",808,"808),",,,,,,,,,,,
LP001798,"(LP001798,",IP43241,"IP43241,",120,"120,",360,"360,",668,"668),",,,,,,,,,,,
LP001800,"(LP001800,",IP43242,"IP43242,",140,"140,",180,"180,",783,"783),",,,,,,,,,,,
LP001806,"(LP001806,",IP43243,"IP43243,",155,"155,",60,"60,",886,"886),",,,,,,,,,,,
LP001807,"(LP001807,",IP43244,"IP43244,",108,"108,",360,"360,",659,"659),",,,,,,,,,,,
LP001811,"(LP001811,",IP43245,"IP43245,",123,"123,",360,"360,",925,"925),",,,,,,,,,,,
LP001813,"(LP001813,",IP43246,"IP43246,",120,"120,",180,"180,",366,"366),",,,,,,,,,,,
LP001814,"(LP001814,",IP43247,"IP43247,",112,"112,",360,"360,",871,"871),",,,,,,,,,,,
LP001819,"(LP001819,",IP43248,"IP43248,",137,"137,",180,"180,",492,"492),",,,,,,,,,,,
LP001824,"(LP001824,",IP43249,"IP43249,",123,"123,",480,"480,",472,"472),",,,,,,,,,,,
LP001825,"(LP001825,",IP43250,"IP43250,",90,"90,",360,"360,",216,"216),",,,,,,,,,,,
LP001835,"(LP001835,",IP43251,"IP43251,",201,"201,",360,"360,",310,"310),",,,,,,,,,,,
LP001836,"(LP001836,",IP43252,"IP43252,",138,"138,",360,"360,",982,"982),",,,,,,,,,,,
LP001841,"(LP001841,",IP43253,"IP43253,",104,"104,",360,"360,",91,"91),",,,,,,,,,,,
LP001843,"(LP001843,",IP43254,"IP43254,",279,"279,",180,"180,",952,"952),",,,,,,,,,,,
LP001844,"(LP001844,",IP43255,"IP43255,",192,"192,",360,"360,",793,"793),",,,,,,,,,,,
LP001846,"(LP001846,",IP43256,"IP43256,",255,"255,",360,"360,",309,"309),",,,,,,,,,,,
LP001849,"(LP001849,",IP43257,"IP43257,",115,"115,",360,"360,",980,"980),",,,,,,,,,,,
LP001854,"(LP001854,",IP43258,"IP43258,",94,"94,",360,"360,",425,"425),",,,,,,,,,,,
LP001859,"(LP001859,",IP43259,"IP43259,",304,"304,",360,"360,",243,"243),",,,,,,,,,,,
LP001864,"(LP001864,",IP43260,"IP43260,",128,"128,",360,"360,",618,"618),",,,,,,,,,,,
LP001865,"(LP001865,",IP43261,"IP43261,",330,"330,",360,"360,",291,"291),",,,,,,,,,,,
LP001868,"(LP001868,",IP43262,"IP43262,",134,"134,",360,"360,",418,"418),",,,,,,,,,,,
LP001870,"(LP001870,",IP43263,"IP43263,",155,"155,",36,"36,",245,"245),",,,,,,,,,,,
LP001871,"(LP001871,",IP43264,"IP43264,",120,"120,",360,"360,",475,"475),",,,,,,,,,,,
LP001872,"(LP001872,",IP43265,"IP43265,",128,"128,",360,"360,",583,"583),",,,,,,,,,,,
LP001875,"(LP001875,",IP43266,"IP43266,",151,"151,",360,"360,",387,"387),",,,,,,,,,,,
LP001877,"(LP001877,",IP43267,"IP43267,",150,"150,",360,"360,",292,"292),",,,,,,,,,,,
LP001882,"(LP001882,",IP43268,"IP43268,",160,"160,",360,"360,",56,"56),",,,,,,,,,,,
LP001883,"(LP001883,",IP43269,"IP43269,",135,"135,",360,"360,",732,"732),",,,,,,,,,,,
LP001884,"(LP001884,",IP43270,"IP43270,",90,"90,",360,"360,",70,"70),",,,,,,,,,,,
LP001888,"(LP001888,",IP43271,"IP43271,",30,"30,",360,"360,",438,"438),",,,,,,,,,,,
LP001891,"(LP001891,",IP43272,"IP43272,",136,"136,",360,"360,",568,"568),",,,,,,,,,,,
LP001892,"(LP001892,",IP43273,"IP43273,",126,"126,",360,"360,",166,"166),",,,,,,,,,,,
LP001894,"(LP001894,",IP43274,"IP43274,",150,"150,",360,"360,",952,"952),",,,,,,,,,,,
LP001896,"(LP001896,",IP43275,"IP43275,",90,"90,",360,"360,",763,"763),",,,,,,,,,,,
LP001900,"(LP001900,",IP43276,"IP43276,",115,"115,",360,"360,",999,"999),",,,,,,,,,,,
LP001903,"(LP001903,",IP43277,"IP43277,",207,"207,",360,"360,",468,"468),",,,,,,,,,,,
LP001904,"(LP001904,",IP43278,"IP43278,",80,"80,",360,"360,",201,"201),",,,,,,,,,,,
LP001907,"(LP001907,",IP43279,"IP43279,",436,"436,",360,"360,",398,"398),",,,,,,,,,,,
LP001908,"(LP001908,",IP43280,"IP43280,",124,"124,",360,"360,",320,"320),",,,,,,,,,,,
LP001910,"(LP001910,",IP43281,"IP43281,",158,"158,",360,"360,",932,"932),",,,,,,,,,,,
LP001914,"(LP001914,",IP43282,"IP43282,",112,"112,",360,"360,",641,"641),",,,,,,,,,,,
LP001915,"(LP001915,",IP43283,"IP43283,",78,"78,",180,"180,",818,"818),",,,,,,,,,,,
LP001917,"(LP001917,",IP43284,"IP43284,",54,"54,",360,"360,",592,"592),",,,,,,,,,,,
LP001922,"(LP001922,",IP43285,"IP43285,",Null,"Null,",360,"360,",686,"686),",,,,,,,,,,,
LP001924,"(LP001924,",IP43286,"IP43286,",89,"89,",360,"360,",760,"760),",,,,,,,,,,,
LP001925,"(LP001925,",IP43287,"IP43287,",99,"99,",300,"300,",497,"497),",,,,,,,,,,,
LP001926,"(LP001926,",IP43288,"IP43288,",120,"120,",360,"360,",55,"55),",,,,,,,,,,,
LP001931,"(LP001931,",IP43289,"IP43289,",115,"115,",360,"360,",447,"447),",,,,,,,,,,,
LP001935,"(LP001935,",IP43290,"IP43290,",187,"187,",360,"360,",718,"718),",,,,,,,,,,,
LP001936,"(LP001936,",IP43291,"IP43291,",139,"139,",360,"360,",560,"560),",,,,,,,,,,,
LP001938,"(LP001938,",IP43292,"IP43292,",127,"127,",360,"360,",574,"574),",,,,,,,,,,,
LP001940,"(LP001940,",IP43293,"IP43293,",134,"134,",360,"360,",172,"172),",,,,,,,,,,,
LP001945,"(LP001945,",IP43294,"IP43294,",143,"143,",480,"480,",231,"231),",,,,,,,,,,,
LP001947,"(LP001947,",IP43295,"IP43295,",172,"172,",360,"360,",152,"152),",,,,,,,,,,,
LP001949,"(LP001949,",IP43296,"IP43296,",110,"110,",360,"360,",702,"702),",,,,,,,,,,,
LP001953,"(LP001953,",IP43297,"IP43297,",200,"200,",360,"360,",703,"703),",,,,,,,,,,,
LP001954,"(LP001954,",IP43298,"IP43298,",135,"135,",360,"360,",650,"650),",,,,,,,,,,,
LP001955,"(LP001955,",IP43299,"IP43299,",151,"151,",480,"480,",587,"587),",,,,,,,,,,,
LP001963,"(LP001963,",IP43300,"IP43300,",113,"113,",360,"360,",642,"642),",,,,,,,,,,,
LP001964,"(LP001964,",IP43301,"IP43301,",93,"93,",360,"360,",918,"918),",,,,,,,,,,,
LP001972,"(LP001972,",IP43302,"IP43302,",105,"105,",360,"360,",405,"405),",,,,,,,,,,,
LP001974,"(LP001974,",IP43303,"IP43303,",132,"132,",360,"360,",359,"359),",,,,,,,,,,,
LP001977,"(LP001977,",IP43304,"IP43304,",96,"96,",360,"360,",53,"53),",,,,,,,,,,,
LP001978,"(LP001978,",IP43305,"IP43305,",140,"140,",360,"360,",98,"98),",,,,,,,,,,,
LP001990,"(LP001990,",IP43306,"IP43306,",Null,"Null,",360,"360,",969,"969),",,,,,,,,,,,
LP001993,"(LP001993,",IP43307,"IP43307,",135,"135,",360,"360,",268,"268),",,,,,,,,,,,
LP001994,"(LP001994,",IP43308,"IP43308,",104,"104,",360,"360,",147,"147),",,,,,,,,,,,
LP001996,"(LP001996,",IP43309,"IP43309,",480,"480,",360,"360,",362,"362),",,,,,,,,,,,
LP001998,"(LP001998,",IP43310,"IP43310,",185,"185,",360,"360,",361,"361),",,,,,,,,,,,
LP002002,"(LP002002,",IP43311,"IP43311,",84,"84,",360,"360,",622,"622),",,,,,,,,,,,
LP002004,"(LP002004,",IP43312,"IP43312,",111,"111,",360,"360,",116,"116),",,,,,,,,,,,
LP002006,"(LP002006,",IP43313,"IP43313,",56,"56,",360,"360,",958,"958),",,,,,,,,,,,
LP002008,"(LP002008,",IP43314,"IP43314,",144,"144,",84,"84,",555,"555),",,,,,,,,,,,
LP002024,"(LP002024,",IP43315,"IP43315,",159,"159,",360,"360,",713,"713),",,,,,,,,,,,
LP002031,"(LP002031,",IP43316,"IP43316,",111,"111,",180,"180,",56,"56),",,,,,,,,,,,
LP002035,"(LP002035,",IP43317,"IP43317,",120,"120,",360,"360,",930,"930),",,,,,,,,,,,
LP002036,"(LP002036,",IP43318,"IP43318,",88,"88,",360,"360,",126,"126),",,,,,,,,,,,
LP002043,"(LP002043,",IP43319,"IP43319,",112,"112,",360,"360,",697,"697),",,,,,,,,,,,
LP002050,"(LP002050,",IP43320,"IP43320,",155,"155,",360,"360,",285,"285),",,,,,,,,,,,
LP002051,"(LP002051,",IP43321,"IP43321,",115,"115,",360,"360,",654,"654),",,,,,,,,,,,
LP002053,"(LP002053,",IP43322,"IP43322,",124,"124,",360,"360,",953,"953),",,,,,,,,,,,
LP002054,"(LP002054,",IP43323,"IP43323,",Null,"Null,",360,"360,",53,"53),",,,,,,,,,,,
LP002055,"(LP002055,",IP43324,"IP43324,",132,"132,",360,"360,",381,"381),",,,,,,,,,,,
LP002065,"(LP002065,",IP43325,"IP43325,",300,"300,",360,"360,",819,"819),",,,,,,,,,,,
LP002067,"(LP002067,",IP43326,"IP43326,",376,"376,",360,"360,",373,"373),",,,,,,,,,,,
LP002068,"(LP002068,",IP43327,"IP43327,",130,"130,",360,"360,",324,"324),",,,,,,,,,,,
LP002082,"(LP002082,",IP43328,"IP43328,",184,"184,",360,"360,",900,"900),",,,,,,,,,,,
LP002086,"(LP002086,",IP43329,"IP43329,",110,"110,",360,"360,",503,"503),",,,,,,,,,,,
LP002087,"(LP002087,",IP43330,"IP43330,",67,"67,",360,"360,",524,"524),",,,,,,,,,,,
LP002097,"(LP002097,",IP43331,"IP43331,",117,"117,",360,"360,",139,"139),",,,,,,,,,,,
LP002098,"(LP002098,",IP43332,"IP43332,",98,"98,",360,"360,",317,"317),",,,,,,,,,,,
LP002100,"(LP002100,",IP43333,"IP43333,",71,"71,",360,"360,",868,"868),",,,,,,,,,,,
LP002101,"(LP002101,",IP43334,"IP43334,",490,"490,",180,"180,",555,"555),",,,,,,,,,,,
LP002103,"(LP002103,",IP43335,"IP43335,",182,"182,",180,"180,",440,"440),",,,,,,,,,,,
LP002106,"(LP002106,",IP43336,"IP43336,",70,"70,",0,"0,",401,"401),",,,,,,,,,,,
LP002110,"(LP002110,",IP43337,"IP43337,",160,"160,",360,"360,",389,"389),",,,,,,,,,,,
LP002112,"(LP002112,",IP43338,"IP43338,",176,"176,",360,"360,",979,"979),",,,,,,,,,,,
LP002113,"(LP002113,",IP43339,"IP43339,",Null,"Null,",360,"360,",236,"236),",,,,,,,,,,,
LP002114,"(LP002114,",IP43340,"IP43340,",71,"71,",360,"360,",895,"895),",,,,,,,,,,,
LP002115,"(LP002115,",IP43341,"IP43341,",173,"173,",360,"360,",365,"365),",,,,,,,,,,,
LP002116,"(LP002116,",IP43342,"IP43342,",46,"46,",360,"360,",258,"258),",,,,,,,,,,,
LP002119,"(LP002119,",IP43343,"IP43343,",158,"158,",360,"360,",735,"735),",,,,,,,,,,,
LP002126,"(LP002126,",IP43344,"IP43344,",74,"74,",360,"360,",90,"90),",,,,,,,,,,,
LP002128,"(LP002128,",IP43345,"IP43345,",125,"125,",360,"360,",453,"453),",,,,,,,,,,,
LP002129,"(LP002129,",IP43346,"IP43346,",160,"160,",360,"360,",840,"840),",,,,,,,,,,,
LP002130,"(LP002130,",IP43347,"IP43347,",152,"152,",360,"360,",319,"319),",,,,,,,,,,,
LP002131,"(LP002131,",IP43348,"IP43348,",126,"126,",360,"360,",294,"294),",,,,,,,,,,,
LP002137,"(LP002137,",IP43349,"IP43349,",259,"259,",360,"360,",634,"634),",,,,,,,,,,,
LP002138,"(LP002138,",IP43350,"IP43350,",187,"187,",360,"360,",544,"544),",,,,,,,,,,,
LP002139,"(LP002139,",IP43351,"IP43351,",228,"228,",360,"360,",655,"655),",,,,,,,,,,,
LP002140,"(LP002140,",IP43352,"IP43352,",308,"308,",360,"360,",308,"308),",,,,,,,,,,,
LP002141,"(LP002141,",IP43353,"IP43353,",95,"95,",360,"360,",102,"102),",,,,,,,,,,,
LP002142,"(LP002142,",IP43354,"IP43354,",105,"105,",360,"360,",878,"878),",,,,,,,,,,,
LP002143,"(LP002143,",IP43355,"IP43355,",130,"130,",360,"360,",861,"861),",,,,,,,,,,,
LP002144,"(LP002144,",IP43356,"IP43356,",116,"116,",180,"180,",766,"766),",,,,,,,,,,,
LP002149,"(LP002149,",IP43357,"IP43357,",165,"165,",360,"360,",951,"951),",,,,,,,,,,,
LP002151,"(LP002151,",IP43358,"IP43358,",67,"67,",360,"360,",799,"799),",,,,,,,,,,,
LP002158,"(LP002158,",IP43359,"IP43359,",100,"100,",480,"480,",397,"397),",,,,,,,,,,,
LP002160,"(LP002160,",IP43360,"IP43360,",200,"200,",360,"360,",253,"253),",,,,,,,,,,,
LP002161,"(LP002161,",IP43361,"IP43361,",81,"81,",360,"360,",148,"148),",,,,,,,,,,,
LP002170,"(LP002170,",IP43362,"IP43362,",236,"236,",360,"360,",675,"675),",,,,,,,,,,,
LP002175,"(LP002175,",IP43363,"IP43363,",130,"130,",360,"360,",978,"978),",,,,,,,,,,,
LP002178,"(LP002178,",IP43364,"IP43364,",95,"95,",300,"300,",161,"161),",,,,,,,,,,,
LP002180,"(LP002180,",IP43365,"IP43365,",141,"141,",360,"360,",234,"234),",,,,,,,,,,,
LP002181,"(LP002181,",IP43366,"IP43366,",133,"133,",360,"360,",869,"869),",,,,,,,,,,,
LP002187,"(LP002187,",IP43367,"IP43367,",96,"96,",480,"480,",701,"701),",,,,,,,,,,,
LP002188,"(LP002188,",IP43368,"IP43368,",124,"124,",0,"0,",98,"98),",,,,,,,,,,,
LP002190,"(LP002190,",IP43369,"IP43369,",175,"175,",360,"360,",435,"435),",,,,,,,,,,,
LP002191,"(LP002191,",IP43370,"IP43370,",570,"570,",360,"360,",323,"323),",,,,,,,,,,,
LP002194,"(LP002194,",IP43371,"IP43371,",55,"55,",360,"360,",331,"331),",,,,,,,,,,,
LP002197,"(LP002197,",IP43372,"IP43372,",155,"155,",360,"360,",736,"736),",,,,,,,,,,,
LP002201,"(LP002201,",IP43373,"IP43373,",380,"380,",300,"300,",831,"831),",,,,,,,,,,,
LP002205,"(LP002205,",IP43374,"IP43374,",111,"111,",180,"180,",699,"699),",,,,,,,,,,,
LP002209,"(LP002209,",IP43375,"IP43375,",110,"110,",360,"360,",697,"697),",,,,,,,,,,,
LP002211,"(LP002211,",IP43376,"IP43376,",120,"120,",180,"180,",846,"846),",,,,,,,,,,,
LP002219,"(LP002219,",IP43377,"IP43377,",130,"130,",360,"360,",158,"158),",,,,,,,,,,,
LP002223,"(LP002223,",IP43378,"IP43378,",130,"130,",360,"360,",908,"908),",,,,,,,,,,,
LP002224,"(LP002224,",IP43379,"IP43379,",71,"71,",480,"480,",317,"317),",,,,,,,,,,,
LP002225,"(LP002225,",IP43380,"IP43380,",130,"130,",360,"360,",203,"203),",,,,,,,,,,,
LP002226,"(LP002226,",IP43381,"IP43381,",128,"128,",360,"360,",887,"887),",,,,,,,,,,,
LP002229,"(LP002229,",IP43382,"IP43382,",296,"296,",360,"360,",673,"673),",,,,,,,,,,,
LP002231,"(LP002231,",IP43383,"IP43383,",156,"156,",360,"360,",443,"443),",,,,,,,,,,,
LP002234,"(LP002234,",IP43384,"IP43384,",128,"128,",360,"360,",828,"828),",,,,,,,,,,,
LP002236,"(LP002236,",IP43385,"IP43385,",100,"100,",360,"360,",562,"562),",,,,,,,,,,,
LP002237,"(LP002237,",IP43386,"IP43386,",113,"113,",180,"180,",52,"52),",,,,,,,,,,,
LP002239,"(LP002239,",IP43387,"IP43387,",132,"132,",360,"360,",337,"337),",,,,,,,,,,,
LP002243,"(LP002243,",IP43388,"IP43388,",Null,"Null,",360,"360,",611,"611),",,,,,,,,,,,
LP002244,"(LP002244,",IP43389,"IP43389,",136,"136,",360,"360,",884,"884),",,,,,,,,,,,
LP002250,"(LP002250,",IP43390,"IP43390,",125,"125,",360,"360,",320,"320),",,,,,,,,,,,
LP002255,"(LP002255,",IP43391,"IP43391,",185,"185,",360,"360,",897,"897),",,,,,,,,,,,
LP002262,"(LP002262,",IP43392,"IP43392,",275,"275,",360,"360,",882,"882),",,,,,,,,,,,
LP002263,"(LP002263,",IP43393,"IP43393,",120,"120,",360,"360,",946,"946),",,,,,,,,,,,
LP002265,"(LP002265,",IP43394,"IP43394,",113,"113,",180,"180,",733,"733),",,,,,,,,,,,
LP002266,"(LP002266,",IP43395,"IP43395,",113,"113,",360,"360,",213,"213),",,,,,,,,,,,
LP002272,"(LP002272,",IP43396,"IP43396,",135,"135,",360,"360,",507,"507),",,,,,,,,,,,
LP002277,"(LP002277,",IP43397,"IP43397,",71,"71,",360,"360,",403,"403),",,,,,,,,,,,
LP002281,"(LP002281,",IP43398,"IP43398,",95,"95,",360,"360,",478,"478),",,,,,,,,,,,
LP002284,"(LP002284,",IP43399,"IP43399,",109,"109,",360,"360,",216,"216),",,,,,,,,,,,
LP002287,"(LP002287,",IP43400,"IP43400,",103,"103,",360,"360,",459,"459),",,,,,,,,,,,
LP002288,"(LP002288,",IP43401,"IP43401,",45,"45,",180,"180,",826,"826),",,,,,,,,,,,
LP002296,"(LP002296,",IP43402,"IP43402,",65,"65,",300,"300,",971,"971),",,,,,,,,,,,
LP002297,"(LP002297,",IP43403,"IP43403,",103,"103,",360,"360,",806,"806),",,,,,,,,,,,
LP002300,"(LP002300,",IP43404,"IP43404,",53,"53,",360,"360,",775,"775),",,,,,,,,,,,
LP002301,"(LP002301,",IP43405,"IP43405,",194,"194,",360,"360,",99,"99),",,,,,,,,,,,
LP002305,"(LP002305,",IP43406,"IP43406,",115,"115,",360,"360,",283,"283),",,,,,,,,,,,
LP002308,"(LP002308,",IP43407,"IP43407,",115,"115,",360,"360,",784,"784),",,,,,,,,,,,
LP002314,"(LP002314,",IP43408,"IP43408,",66,"66,",360,"360,",822,"822),",,,,,,,,,,,
LP002315,"(LP002315,",IP43409,"IP43409,",152,"152,",300,"300,",143,"143),",,,,,,,,,,,
LP002317,"(LP002317,",IP43410,"IP43410,",360,"360,",360,"360,",484,"484),",,,,,,,,,,,
LP002318,"(LP002318,",IP43411,"IP43411,",62,"62,",360,"360,",779,"779),",,,,,,,,,,,
LP002319,"(LP002319,",IP43412,"IP43412,",160,"160,",360,"360,",842,"842),",,,,,,,,,,,
LP002328,"(LP002328,",IP43413,"IP43413,",218,"218,",360,"360,",725,"725),",,,,,,,,,,,
LP002332,"(LP002332,",IP43414,"IP43414,",110,"110,",360,"360,",607,"607),",,,,,,,,,,,
LP002335,"(LP002335,",IP43415,"IP43415,",178,"178,",360,"360,",685,"685),",,,,,,,,,,,
LP002337,"(LP002337,",IP43416,"IP43416,",60,"60,",360,"360,",834,"834),",,,,,,,,,,,
LP002341,"(LP002341,",IP43417,"IP43417,",160,"160,",360,"360,",260,"260),",,,,,,,,,,,
LP002342,"(LP002342,",IP43418,"IP43418,",239,"239,",360,"360,",108,"108),",,,,,,,,,,,
LP002345,"(LP002345,",IP43419,"IP43419,",112,"112,",360,"360,",229,"229),",,,,,,,,,,,
LP002347,"(LP002347,",IP43420,"IP43420,",138,"138,",360,"360,",718,"718),",,,,,,,,,,,
LP002348,"(LP002348,",IP43421,"IP43421,",138,"138,",360,"360,",632,"632),",,,,,,,,,,,
LP002357,"(LP002357,",IP43422,"IP43422,",80,"80,",0,"0,",447,"447),",,,,,,,,,,,
LP002361,"(LP002361,",IP43423,"IP43423,",100,"100,",360,"360,",190,"190),",,,,,,,,,,,
LP002362,"(LP002362,",IP43424,"IP43424,",110,"110,",0,"0,",285,"285),",,,,,,,,,,,
LP002364,"(LP002364,",IP43425,"IP43425,",96,"96,",360,"360,",576,"576),",,,,,,,,,,,
LP002366,"(LP002366,",IP43426,"IP43426,",121,"121,",360,"360,",555,"555),",,,,,,,,,,,
LP002367,"(LP002367,",IP43427,"IP43427,",81,"81,",360,"360,",74,"74),",,,,,,,,,,,
LP002368,"(LP002368,",IP43428,"IP43428,",133,"133,",360,"360,",559,"559),",,,,,,,,,,,
LP002369,"(LP002369,",IP43429,"IP43429,",87,"87,",360,"360,",625,"625),",,,,,,,,,,,
LP002370,"(LP002370,",IP43430,"IP43430,",60,"60,",180,"180,",889,"889),",,,,,,,,,,,
LP002377,"(LP002377,",IP43431,"IP43431,",150,"150,",360,"360,",866,"866),",,,,,,,,,,,
LP002379,"(LP002379,",IP43432,"IP43432,",105,"105,",360,"360,",61,"61),",,,,,,,,,,,
LP002386,"(LP002386,",IP43433,"IP43433,",405,"405,",360,"360,",642,"642),",,,,,,,,,,,
LP002387,"(LP002387,",IP43434,"IP43434,",143,"143,",360,"360,",953,"953),",,,,,,,,,,,
LP002390,"(LP002390,",IP43435,"IP43435,",100,"100,",360,"360,",539,"539),",,,,,,,,,,,
LP002393,"(LP002393,",IP43436,"IP43436,",Null,"Null,",240,"240,",345,"345),",,,,,,,,,,,
LP002398,"(LP002398,",IP43437,"IP43437,",50,"50,",360,"360,",961,"961),",,,,,,,,,,,
LP002401,"(LP002401,",IP43438,"IP43438,",Null,"Null,",360,"360,",535,"535),",,,,,,,,,,,
LP002403,"(LP002403,",IP43439,"IP43439,",187,"187,",360,"360,",272,"272),",,,,,,,,,,,
LP002407,"(LP002407,",IP43440,"IP43440,",138,"138,",360,"360,",865,"865),",,,,,,,,,,,
LP002408,"(LP002408,",IP43441,"IP43441,",360,"360,",360,"360,",0,"0),",,,,,,,,,,,
LP002409,"(LP002409,",IP43442,"IP43442,",180,"180,",360,"360,",631,"631),",,,,,,,,,,,
LP002418,"(LP002418,",IP43443,"IP43443,",148,"148,",360,"360,",130,"130),",,,,,,,,,,,
LP002422,"(LP002422,",IP43444,"IP43444,",152,"152,",360,"360,",730,"730),",,,,,,,,,,,
LP002424,"(LP002424,",IP43445,"IP43445,",175,"175,",300,"300,",807,"807),",,,,,,,,,,,
LP002429,"(LP002429,",IP43446,"IP43446,",130,"130,",360,"360,",127,"127),",,,,,,,,,,,
LP002434,"(LP002434,",IP43447,"IP43447,",110,"110,",360,"360,",460,"460),",,,,,,,,,,,
LP002435,"(LP002435,",IP43448,"IP43448,",55,"55,",360,"360,",837,"837),",,,,,,,,,,,
LP002443,"(LP002443,",IP43449,"IP43449,",150,"150,",360,"360,",486,"486),",,,,,,,,,,,
LP002444,"(LP002444,",IP43450,"IP43450,",190,"190,",360,"360,",379,"379),",,,,,,,,,,,
LP002446,"(LP002446,",IP43451,"IP43451,",125,"125,",360,"360,",205,"205),",,,,,,,,,,,
LP002447,"(LP002447,",IP43452,"IP43452,",60,"60,",300,"300,",802,"802),",,,,,,,,,,,
LP002448,"(LP002448,",IP43453,"IP43453,",149,"149,",360,"360,",252,"252),",,,,,,,,,,,
LP002449,"(LP002449,",IP43454,"IP43454,",90,"90,",180,"180,",903,"903),",,,,,,,,,,,
LP002453,"(LP002453,",IP43455,"IP43455,",84,"84,",360,"360,",100,"100),",,,,,,,,,,,
LP002455,"(LP002455,",IP43456,"IP43456,",96,"96,",360,"360,",928,"928),",,,,,,,,,,,
LP002459,"(LP002459,",IP43457,"IP43457,",118,"118,",360,"360,",231,"231),",,,,,,,,,,,
LP002467,"(LP002467,",IP43458,"IP43458,",173,"173,",360,"360,",918,"918),",,,,,,,,,,,
LP002472,"(LP002472,",IP43459,"IP43459,",136,"136,",360,"360,",662,"662),",,,,,,,,,,,
LP002473,"(LP002473,",IP43460,"IP43460,",160,"160,",360,"360,",465,"465),",,,,,,,,,,,
LP002478,"(LP002478,",IP43461,"IP43461,",160,"160,",360,"360,",965,"965),",,,,,,,,,,,
LP002484,"(LP002484,",IP43462,"IP43462,",128,"128,",180,"180,",568,"568),",,,,,,,,,,,
LP002487,"(LP002487,",IP43463,"IP43463,",153,"153,",360,"360,",698,"698),",,,,,,,,,,,
LP002489,"(LP002489,",IP43464,"IP43464,",132,"132,",360,"360,",214,"214),",,,,,,,,,,,
LP002493,"(LP002493,",IP43465,"IP43465,",98,"98,",360,"360,",978,"978),",,,,,,,,,,,
LP002494,"(LP002494,",IP43466,"IP43466,",140,"140,",360,"360,",403,"403),",,,,,,,,,,,
LP002500,"(LP002500,",IP43467,"IP43467,",70,"70,",180,"180,",292,"292),",,,,,,,,,,,
LP002501,"(LP002501,",IP43468,"IP43468,",110,"110,",360,"360,",671,"671),",,,,,,,,,,,
LP002502,"(LP002502,",IP43469,"IP43469,",98,"98,",360,"360,",71,"71),",,,,,,,,,,,
LP002505,"(LP002505,",IP43470,"IP43470,",110,"110,",360,"360,",167,"167),",,,,,,,,,,,
LP002515,"(LP002515,",IP43471,"IP43471,",162,"162,",360,"360,",970,"970),",,,,,,,,,,,
LP002517,"(LP002517,",IP43472,"IP43472,",113,"113,",180,"180,",650,"650),",,,,,,,,,,,
LP002519,"(LP002519,",IP43473,"IP43473,",100,"100,",360,"360,",649,"649),",,,,,,,,,,,
LP002522,"(LP002522,",IP43474,"IP43474,",93,"93,",360,"360,",104,"104),",,,,,,,,,,,
LP002524,"(LP002524,",IP43475,"IP43475,",162,"162,",360,"360,",567,"567),",,,,,,,,,,,
LP002527,"(LP002527,",IP43476,"IP43476,",150,"150,",360,"360,",984,"984),",,,,,,,,,,,
LP002529,"(LP002529,",IP43477,"IP43477,",230,"230,",300,"300,",175,"175),",,,,,,,,,,,
LP002530,"(LP002530,",IP43478,"IP43478,",132,"132,",360,"360,",431,"431),",,,,,,,,,,,
LP002531,"(LP002531,",IP43479,"IP43479,",86,"86,",360,"360,",416,"416),",,,,,,,,,,,
LP002533,"(LP002533,",IP43480,"IP43480,",Null,"Null,",360,"360,",910,"910),",,,,,,,,,,,
LP002534,"(LP002534,",IP43481,"IP43481,",154,"154,",360,"360,",981,"981),",,,,,,,,,,,
LP002536,"(LP002536,",IP43482,"IP43482,",113,"113,",360,"360,",950,"950),",,,,,,,,,,,
LP002537,"(LP002537,",IP43483,"IP43483,",128,"128,",360,"360,",226,"226),",,,,,,,,,,,
LP002541,"(LP002541,",IP43484,"IP43484,",234,"234,",360,"360,",74,"74),",,,,,,,,,,,
LP002543,"(LP002543,",IP43485,"IP43485,",246,"246,",360,"360,",551,"551),",,,,,,,,,,,
LP002544,"(LP002544,",IP43486,"IP43486,",131,"131,",360,"360,",547,"547),",,,,,,,,,,,
LP002545,"(LP002545,",IP43487,"IP43487,",80,"80,",360,"360,",619,"619),",,,,,,,,,,,
LP002547,"(LP002547,",IP43488,"IP43488,",500,"500,",360,"360,",961,"961),",,,,,,,,,,,
LP002555,"(LP002555,",IP43489,"IP43489,",160,"160,",360,"360,",77,"77),",,,,,,,,,,,
LP002556,"(LP002556,",IP43490,"IP43490,",75,"75,",360,"360,",769,"769),",,,,,,,,,,,
LP002560,"(LP002560,",IP43491,"IP43491,",96,"96,",360,"360,",546,"546),",,,,,,,,,,,
LP002562,"(LP002562,",IP43492,"IP43492,",186,"186,",360,"360,",504,"504),",,,,,,,,,,,
LP002571,"(LP002571,",IP43493,"IP43493,",110,"110,",360,"360,",926,"926),",,,,,,,,,,,
LP002582,"(LP002582,",IP43494,"IP43494,",225,"225,",360,"360,",52,"52),",,,,,,,,,,,
LP002585,"(LP002585,",IP43495,"IP43495,",119,"119,",360,"360,",976,"976),",,,,,,,,,,,
LP002586,"(LP002586,",IP43496,"IP43496,",105,"105,",84,"84,",122,"122),",,,,,,,,,,,
LP002587,"(LP002587,",IP43497,"IP43497,",107,"107,",360,"360,",227,"227),",,,,,,,,,,,
LP002588,"(LP002588,",IP43498,"IP43498,",111,"111,",12,"12,",761,"761),",,,,,,,,,,,
LP002600,"(LP002600,",IP43499,"IP43499,",95,"95,",360,"360,",665,"665),",,,,,,,,,,,
LP002602,"(LP002602,",IP43500,"IP43500,",209,"209,",360,"360,",931,"931),",,,,,,,,,,,
LP002603,"(LP002603,",IP43501,"IP43501,",113,"113,",480,"480,",261,"261),",,,,,,,,,,,
LP002606,"(LP002606,",IP43502,"IP43502,",100,"100,",360,"360,",137,"137),",,,,,,,,,,,
LP002615,"(LP002615,",IP43503,"IP43503,",208,"208,",360,"360,",696,"696),",,,,,,,,,,,
LP002618,"(LP002618,",IP43504,"IP43504,",138,"138,",360,"360,",197,"197),",,,,,,,,,,,
LP002619,"(LP002619,",IP43505,"IP43505,",124,"124,",300,"300,",533,"533),",,,,,,,,,,,
LP002622,"(LP002622,",IP43506,"IP43506,",243,"243,",360,"360,",696,"696),",,,,,,,,,,,
LP002624,"(LP002624,",IP43507,"IP43507,",480,"480,",360,"360,",601,"601),",,,,,,,,,,,
LP002625,"(LP002625,",IP43508,"IP43508,",96,"96,",360,"360,",458,"458),",,,,,,,,,,,
LP002626,"(LP002626,",IP43509,"IP43509,",188,"188,",360,"360,",431,"431),",,,,,,,,,,,
LP002634,"(LP002634,",IP43510,"IP43510,",40,"40,",360,"360,",834,"834),",,,,,,,,,,,
LP002637,"(LP002637,",IP43511,"IP43511,",100,"100,",360,"360,",608,"608),",,,,,,,,,,,
LP002640,"(LP002640,",IP43512,"IP43512,",250,"250,",360,"360,",522,"522),",,,,,,,,,,,
LP002643,"(LP002643,",IP43513,"IP43513,",148,"148,",360,"360,",111,"111),",,,,,,,,,,,
LP002648,"(LP002648,",IP43514,"IP43514,",70,"70,",180,"180,",728,"728),",,,,,,,,,,,
LP002652,"(LP002652,",IP43515,"IP43515,",311,"311,",360,"360,",882,"882),",,,,,,,,,,,
LP002659,"(LP002659,",IP43516,"IP43516,",150,"150,",360,"360,",512,"512),",,,,,,,,,,,
LP002670,"(LP002670,",IP43517,"IP43517,",113,"113,",480,"480,",388,"388),",,,,,,,,,,,
LP002682,"(LP002682,",IP43518,"IP43518,",123,"123,",360,"360,",963,"963),",,,,,,,,,,,
LP002683,"(LP002683,",IP43519,"IP43519,",185,"185,",360,"360,",563,"563),",,,,,,,,,,,
LP002684,"(LP002684,",IP43520,"IP43520,",95,"95,",360,"360,",542,"542),",,,,,,,,,,,
LP002689,"(LP002689,",IP43521,"IP43521,",45,"45,",360,"360,",555,"555),",,,,,,,,,,,
LP002690,"(LP002690,",IP43522,"IP43522,",55,"55,",360,"360,",400,"400),",,,,,,,,,,,
LP002692,"(LP002692,",IP43523,"IP43523,",100,"100,",360,"360,",768,"768),",,,,,,,,,,,
LP002693,"(LP002693,",IP43524,"IP43524,",480,"480,",360,"360,",271,"271),",,,,,,,,,,,
LP002697,"(LP002697,",IP43525,"IP43525,",Null,"Null,",360,"360,",211,"211),",,,,,,,,,,,
LP002699,"(LP002699,",IP43526,"IP43526,",400,"400,",360,"360,",818,"818),",,,,,,,,,,,
LP002705,"(LP002705,",IP43527,"IP43527,",110,"110,",360,"360,",397,"397),",,,,,,,,,,,
LP002706,"(LP002706,",IP43528,"IP43528,",161,"161,",360,"360,",534,"534),",,,,,,,,,,,
LP002714,"(LP002714,",IP43529,"IP43529,",94,"94,",360,"360,",773,"773),",,,,,,,,,,,
LP002716,"(LP002716,",IP43530,"IP43530,",130,"130,",360,"360,",959,"959),",,,,,,,,,,,
LP002717,"(LP002717,",IP43531,"IP43531,",216,"216,",360,"360,",664,"664),",,,,,,,,,,,
LP002720,"(LP002720,",IP43532,"IP43532,",100,"100,",360,"360,",276,"276),",,,,,,,,,,,
LP002723,"(LP002723,",IP43533,"IP43533,",110,"110,",360,"360,",533,"533),",,,,,,,,,,,
LP002729,"(LP002729,",IP43534,"IP43534,",196,"196,",360,"360,",219,"219),",,,,,,,,,,,
LP002731,"(LP002731,",IP43535,"IP43535,",125,"125,",360,"360,",832,"832),",,,,,,,,,,,
LP002732,"(LP002732,",IP43536,"IP43536,",126,"126,",360,"360,",215,"215),",,,,,,,,,,,
LP002734,"(LP002734,",IP43537,"IP43537,",324,"324,",360,"360,",662,"662),",,,,,,,,,,,
LP002738,"(LP002738,",IP43538,"IP43538,",107,"107,",360,"360,",624,"624),",,,,,,,,,,,
LP002739,"(LP002739,",IP43539,"IP43539,",66,"66,",360,"360,",612,"612),",,,,,,,,,,,
LP002740,"(LP002740,",IP43540,"IP43540,",157,"157,",180,"180,",174,"174),",,,,,,,,,,,
LP002741,"(LP002741,",IP43541,"IP43541,",140,"140,",180,"180,",188,"188),",,,,,,,,,,,
LP002743,"(LP002743,",IP43542,"IP43542,",99,"99,",360,"360,",497,"497),",,,,,,,,,,,
LP002753,"(LP002753,",IP43543,"IP43543,",95,"95,",360,"360,",763,"763),",,,,,,,,,,,
LP002755,"(LP002755,",IP43544,"IP43544,",128,"128,",360,"360,",393,"393),",,,,,,,,,,,
LP002757,"(LP002757,",IP43545,"IP43545,",102,"102,",360,"360,",833,"833),",,,,,,,,,,,
LP002767,"(LP002767,",IP43546,"IP43546,",155,"155,",360,"360,",422,"422),",,,,,,,,,,,
LP002768,"(LP002768,",IP43547,"IP43547,",80,"80,",36,"36,",878,"878),",,,,,,,,,,,
LP002772,"(LP002772,",IP43548,"IP43548,",145,"145,",360,"360,",609,"609),",,,,,,,,,,,
LP002776,"(LP002776,",IP43549,"IP43549,",103,"103,",360,"360,",258,"258),",,,,,,,,,,,
LP002777,"(LP002777,",IP43550,"IP43550,",110,"110,",360,"360,",376,"376),",,,,,,,,,,,
LP002778,"(LP002778,",IP43551,"IP43551,",Null,"Null,",360,"360,",160,"160),",,,,,,,,,,,
LP002784,"(LP002784,",IP43552,"IP43552,",Null,"Null,",360,"360,",80,"80),",,,,,,,,,,,
LP002785,"(LP002785,",IP43553,"IP43553,",158,"158,",360,"360,",437,"437),",,,,,,,,,,,
LP002788,"(LP002788,",IP43554,"IP43554,",181,"181,",360,"360,",63,"63),",,,,,,,,,,,
LP002789,"(LP002789,",IP43555,"IP43555,",132,"132,",180,"180,",867,"867),",,,,,,,,,,,
LP002792,"(LP002792,",IP43556,"IP43556,",26,"26,",360,"360,",632,"632),",,,,,,,,,,,
LP002794,"(LP002794,",IP43557,"IP43557,",84,"84,",360,"360,",367,"367),",,,,,,,,,,,
LP002795,"(LP002795,",IP43558,"IP43558,",260,"260,",360,"360,",720,"720),",,,,,,,,,,,
LP002798,"(LP002798,",IP43559,"IP43559,",162,"162,",360,"360,",929,"929),",,,,,,,,,,,
LP002804,"(LP002804,",IP43560,"IP43560,",182,"182,",360,"360,",469,"469),",,,,,,,,,,,
LP002807,"(LP002807,",IP43561,"IP43561,",108,"108,",360,"360,",656,"656),",,,,,,,,,,,
LP002813,"(LP002813,",IP43562,"IP43562,",600,"600,",360,"360,",169,"169),",,,,,,,,,,,
LP002820,"(LP002820,",IP43563,"IP43563,",211,"211,",360,"360,",741,"741),",,,,,,,,,,,
LP002821,"(LP002821,",IP43564,"IP43564,",132,"132,",360,"360,",70,"70),",,,,,,,,,,,
LP002832,"(LP002832,",IP43565,"IP43565,",258,"258,",360,"360,",524,"524),",,,,,,,,,,,
LP002833,"(LP002833,",IP43566,"IP43566,",120,"120,",360,"360,",492,"492),",,,,,,,,,,,
LP002836,"(LP002836,",IP43567,"IP43567,",70,"70,",360,"360,",713,"713),",,,,,,,,,,,
LP002837,"(LP002837,",IP43568,"IP43568,",123,"123,",360,"360,",875,"875),",,,,,,,,,,,
LP002840,"(LP002840,",IP43569,"IP43569,",9,"9,",360,"360,",310,"310),",,,,,,,,,,,
LP002841,"(LP002841,",IP43570,"IP43570,",104,"104,",360,"360,",271,"271),",,,,,,,,,,,
LP002842,"(LP002842,",IP43571,"IP43571,",186,"186,",360,"360,",775,"775),",,,,,,,,,,,
LP002847,"(LP002847,",IP43572,"IP43572,",165,"165,",360,"360,",110,"110),",,,,,,,,,,,
LP002855,"(LP002855,",IP43573,"IP43573,",275,"275,",360,"360,",286,"286),",,,,,,,,,,,
LP002862,"(LP002862,",IP43574,"IP43574,",187,"187,",480,"480,",126,"126),",,,,,,,,,,,
LP002863,"(LP002863,",IP43575,"IP43575,",150,"150,",360,"360,",351,"351),",,,,,,,,,,,
LP002868,"(LP002868,",IP43576,"IP43576,",108,"108,",84,"84,",982,"982),",,,,,,,,,,,
LP002872,"(LP002872,",IP43577,"IP43577,",136,"136,",360,"360,",350,"350),",,,,,,,,,,,
LP002874,"(LP002874,",IP43578,"IP43578,",110,"110,",360,"360,",682,"682),",,,,,,,,,,,
LP002877,"(LP002877,",IP43579,"IP43579,",107,"107,",360,"360,",804,"804),",,,,,,,,,,,
LP002888,"(LP002888,",IP43580,"IP43580,",161,"161,",360,"360,",491,"491),",,,,,,,,,,,
LP002892,"(LP002892,",IP43581,"IP43581,",205,"205,",360,"360,",560,"560),",,,,,,,,,,,
LP002893,"(LP002893,",IP43582,"IP43582,",90,"90,",360,"360,",92,"92),",,,,,,,,,,,
LP002894,"(LP002894,",IP43583,"IP43583,",36,"36,",360,"360,",370,"370),",,,,,,,,,,,
LP002898,"(LP002898,",IP43584,"IP43584,",61,"61,",360,"360,",524,"524),",,,,,,,,,,,
LP002911,"(LP002911,",IP43585,"IP43585,",146,"146,",360,"360,",371,"371),",,,,,,,,,,,
LP002912,"(LP002912,",IP43586,"IP43586,",172,"172,",84,"84,",817,"817),",,,,,,,,,,,
LP002916,"(LP002916,",IP43587,"IP43587,",104,"104,",360,"360,",751,"751),",,,,,,,,,,,
LP002917,"(LP002917,",IP43588,"IP43588,",70,"70,",360,"360,",588,"588),",,,,,,,,,,,
LP002925,"(LP002925,",IP43589,"IP43589,",94,"94,",360,"360,",235,"235),",,,,,,,,,,,
LP002926,"(LP002926,",IP43590,"IP43590,",106,"106,",360,"360,",851,"851),",,,,,,,,,,,
LP002928,"(LP002928,",IP43591,"IP43591,",56,"56,",180,"180,",73,"73),",,,,,,,,,,,
LP002931,"(LP002931,",IP43592,"IP43592,",205,"205,",240,"240,",665,"665),",,,,,,,,,,,
LP002933,"(LP002933,",IP43593,"IP43593,",292,"292,",360,"360,",826,"826),",,,,,,,,,,,
LP002936,"(LP002936,",IP43594,"IP43594,",142,"142,",180,"180,",704,"704),",,,,,,,,,,,
LP002938,"(LP002938,",IP43595,"IP43595,",260,"260,",360,"360,",548,"548),",,,,,,,,,,,
LP002940,"(LP002940,",IP43596,"IP43596,",110,"110,",360,"360,",407,"407),",,,,,,,,,,,
LP002941,"(LP002941,",IP43597,"IP43597,",187,"187,",360,"360,",257,"257),",,,,,,,,,,,
LP002943,"(LP002943,",IP43598,"IP43598,",88,"88,",360,"360,",822,"822),",,,,,,,,,,,
LP002945,"(LP002945,",IP43599,"IP43599,",180,"180,",360,"360,",461,"461),",,,,,,,,,,,
LP002948,"(LP002948,",IP43600,"IP43600,",192,"192,",360,"360,",556,"556),",,,,,,,,,,,
LP002949,"(LP002949,",IP43601,"IP43601,",350,"350,",180,"180,",760,"760),",,,,,,,,,,,
LP002950,"(LP002950,",IP43602,"IP43602,",155,"155,",360,"360,",67,"67),",,,,,,,,,,,
LP002953,"(LP002953,",IP43603,"IP43603,",128,"128,",360,"360,",465,"465),",,,,,,,,,,,
LP002958,"(LP002958,",IP43604,"IP43604,",172,"172,",360,"360,",863,"863),",,,,,,,,,,,
LP002959,"(LP002959,",IP43605,"IP43605,",496,"496,",360,"360,",234,"234),",,,,,,,,,,,
LP002960,"(LP002960,",IP43606,"IP43606,",Null,"Null,",180,"180,",944,"944),",,,,,,,,,,,
LP002961,"(LP002961,",IP43607,"IP43607,",173,"173,",360,"360,",201,"201),",,,,,,,,,,,
LP002964,"(LP002964,",IP43608,"IP43608,",157,"157,",360,"360,",439,"439),",,,,,,,,,,,
LP002974,"(LP002974,",IP43609,"IP43609,",108,"108,",360,"360,",478,"478),",,,,,,,,,,,
LP002978,"(LP002978,",IP43610,"IP43610,",71,"71,",360,"360,",982,"982),",,,,,,,,,,,
LP002979,"(LP002979,",IP43611,"IP43611,",40,"40,",180,"180,",946,"946),",,,,,,,,,,,
LP002983,"(LP002983,",IP43612,"IP43612,",253,"253,",360,"360,",961,"961),",,,,,,,,,,,
LP002984,"(LP002984,",IP43613,"IP43613,",187,"187,",360,"360,",121,"121),",,,,,,,,,,,
LP002990,"(LP002990,",IP43614,"IP43614,",133,"133,",360,"360,",792,"792),",,,,,,,,,,,
